code,product,pcmaker,price,campaign,cpu,gpu,memory,image,afur,campaign1url
000-01-001,OMEN40ハイパフォーマンスエクストラモデル【S3】,OMEN,"305,800",,core-i7-12700K,RTX3080,32,https://www.omen.com/content/dam/sites/omen/worldwide/homepage/21C2_OMEN_by_HP_40L_Gaming_Desktop_PC_GT21_Hana_AirCooled_RTX3060Ti_aRGB_JackBlack_nonODD_CoreSet_FrontRight.png,https://click.linksynergy.com/link?id=InYMwEjyjDY&offerid=252926.1000010&type=2&murl=https%3A%2F%2Fjp.ext.hp.com%2Fgaming%2Fpersonal%2Fomen_40l%2F%3Fjumpid%3Dst_cn_p_af_kkc,
000-01-002,OMEN40Lハイパフォーマンスプラスモデル【S2】,OMEN,"289,300",SallNow Click!!,core-i7-12700K,RTX3070Ti,16,https://www.omen.com/content/dam/sites/omen/worldwide/homepage/21C2_OMEN_by_HP_40L_Gaming_Desktop_PC_GT21_Hana_AirCooled_RTX3060Ti_aRGB_JackBlack_nonODD_CoreSet_FrontRight.png,https://click.linksynergy.com/link?id=InYMwEjyjDY&offerid=252926.1000009&type=2&murl=https%3A%2F%2Fjp.ext.hp.com%2Fgaming%2Fpersonal%2Fomen_40l%2F%3Fjumpid%3Dst_cn_p_af_kkc,https://click.linksynergy.com/deeplink?id=InYMwEjyjDY&mid=35909&murl=https%3A%2F%2Fjp.ext.hp.com%2Fcampaign%2Fpersonal%2Fothers%2Fgaming_special_price%2F
000-01-003,OMEN25Lパフォーマンスプラスモデル【S2】,OMEN,"198,000",,core-i7-12700F,RTX3060Ti,16,https://www.omen.com/content/dam/sites/omen/worldwide/homepage/22C1_Lapras_25L_LiquidCooled_BlizzardL_800W_RTX3080_aRGB_JackBlack_nonODD_CoreSet_FrontRight.png,https://click.linksynergy.com/link?id=InYMwEjyjDY&offerid=252926.1000014&type=2&murl=https%3A%2F%2Fjp.ext.hp.com%2Fgaming%2Fpersonal%2Fomen_25l_intel%2F%3Fjumpid%3Dst_cn_p_af_kkc,
000-01-004,OMEN45Lエクストリームモデルv2【S4】,OMEN,"409,800",SallNow Click!!,core-i9-12900K,RTX3090,32,https://www.omen.com/content/dam/sites/omen/worldwide/homepage/omen-45l-intel.png,https://click.linksynergy.com/link?id=InYMwEjyjDY&offerid=252926.1000011&type=2&murl=https%3A%2F%2Fjp.ext.hp.com%2Fgaming%2Fpersonal%2Fomen_25l_intel%2F%3Fjumpid%3Dst_cn_p_af_kkc,https://click.linksynergy.com/deeplink?id=InYMwEjyjDY&mid=35909&murl=https%3A%2F%2Fjp.ext.hp.com%2Fcampaign%2Fpersonal%2Fothers%2Fgaming_special_price%2F
000-01-005,OMEN25Lパフォーマンスモデル【S1】,OMEN,"189,000",,core-i7-12700F,RTX3060,16,https://www.omen.com/content/dam/sites/omen/worldwide/homepage/22C1_Lapras_25L_LiquidCooled_BlizzardL_800W_RTX3080_aRGB_JackBlack_nonODD_CoreSet_FrontRight.png,https://click.linksynergy.com/link?id=InYMwEjyjDY&offerid=252926.1000008&type=2&murl=https%3A%2F%2Fjp.ext.hp.com%2Fgaming%2Fpersonal%2Fomen_40l%2F%3Fjumpid%3Dst_cn_p_af_kkc,
000-01-006,OMEN40Lハイパフォーマンスモデル【S1】,OMEN,"248,001",SallNow Click!!,core-i7-12700K,RTX3070,16,https://www.omen.com/content/dam/sites/omen/worldwide/homepage/21C2_OMEN_by_HP_40L_Gaming_Desktop_PC_GT21_Hana_AirCooled_RTX3060Ti_aRGB_JackBlack_nonODD_CoreSet_FrontRight.png,https://click.linksynergy.com/link?id=InYMwEjyjDY&offerid=252926.1000154&type=2&murl=https%3A%2F%2Fjp.ext.hp.com%2Fgaming%2Fpersonal%2Fomen_45l%2F%3Fjumpid%3Dst_cn_p_af_kkc,https://click.linksynergy.com/deeplink?id=InYMwEjyjDY&mid=35909&murl=https%3A%2F%2Fjp.ext.hp.com%2Fcampaign%2Fpersonal%2Fothers%2Fgaming_special_price%2F
000-01-007,OMEN45Lハイパフォーマンスモデルv2【S3】,OMEN,"349,800",SallNow Click!!,core-i7-12700K,RTX3080Ti,32,https://www.omen.com/content/dam/sites/omen/worldwide/homepage/omen-45l-intel.png,https://click.linksynergy.com/link?id=InYMwEjyjDY&offerid=252926.1000110&type=2&murl=https%3A%2F%2Fjp.ext.hp.com%2Fgaming%2Fpersonal%2Fomen_45l%2F%3Fjumpid%3Dst_cn_p_af_kkc,https://click.linksynergy.com/deeplink?id=InYMwEjyjDY&mid=35909&murl=https%3A%2F%2Fjp.ext.hp.com%2Fcampaign%2Fpersonal%2Fothers%2Fgaming_special_price%2F
000-02-001,AlienwareAuroraR13ゲーミングデスクトップ,Alienware,"433,980",,core-i9-12900KF,RTX3080Ti,16,"https://i.dell.com/is/image/DellContent//content/dam/ss2/product-images/dell-client-products/desktops/alienware-desktops/alienware-aurora-r13/media-gallery/mg-0009-alienware-aurora-r13-lunar-light-wh-clear-panel-cryo-cooled-cryo-cooled/desktop_alienware_aurora_r13_wh_clear_cryo_gallery_1.psd?fmt=png-alpha&pscan=auto&scl=1&wid=3666&hei=4013&qlt=100,1&resMode=sharp2&size=3666,4013&chrss=full&imwidth=5000",https://click.linksynergy.com/link?id=InYMwEjyjDY&offerid=39250.20476918342&type=2&murl=https%3A%2F%2Fad.doubleclick.net%2Fddm%2Ftrackclk%2FN1153793.2372504AF_LINKSHARE%2FB23732657.265944707%3Bdc_trk_aid%3D461028128%3Bdc_trk_cid%3D127759547%3BVEN1%3D%3Bdc_lat%3D%3Bdc_rdid%3D%3Btag_for_child_directed_treatment%3D%3Btfua%3D%3Fhttps%3A%2F%2Fwww.dell.com%2Fja-jp%2Fshop%2Fgaming-and-games%2Falienware-aurora-r13-%25E3%2582%25B9%25E3%2583%2597%25E3%2583%25AC%25E3%2583%259E%25E3%2582%25B7%25E3%2583%25BC%2Fspd%2Falienware-aurora-r13-desktop%2Fcaaawar1304jp,
000-02-002,AlienwareAuroraR13ゲーミングデスクトップ,Alienware,"328,980",,core-i7-12700F,RTX3080,16,"https://i.dell.com/is/image/DellContent//content/dam/ss2/product-images/dell-client-products/desktops/alienware-desktops/alienware-aurora-r13/media-gallery/mg-0009-alienware-aurora-r13-lunar-light-wh-clear-panel-cryo-cooled-cryo-cooled/desktop_alienware_aurora_r13_wh_clear_cryo_gallery_1.psd?fmt=png-alpha&pscan=auto&scl=1&wid=3666&hei=4013&qlt=100,1&resMode=sharp2&size=3666,4013&chrss=full&imwidth=5000",https://click.linksynergy.com/link?id=InYMwEjyjDY&offerid=39250.20476918340&type=2&murl=https%3A%2F%2Fad.doubleclick.net%2Fddm%2Ftrackclk%2FN1153793.2372504AF_LINKSHARE%2FB23732657.265944707%3Bdc_trk_aid%3D461028128%3Bdc_trk_cid%3D127759547%3BVEN1%3D%3Bdc_lat%3D%3Bdc_rdid%3D%3Btag_for_child_directed_treatment%3D%3Btfua%3D%3Fhttps%3A%2F%2Fwww.dell.com%2Fja-jp%2Fshop%2Fgaming-and-games%2Falienware-aurora-r13-%25E3%2583%2597%25E3%2583%25A9%25E3%2583%2581%25E3%2583%258A%2Fspd%2Falienware-aurora-r13-desktop%2Fcaaawar1303jp,
000-02-003,AlienwareAuroraR13ゲーミングデスクトップ,Alienware,"262,980",,core-i7-12700F,RTX3060,16,"https://i.dell.com/is/image/DellContent//content/dam/ss2/product-images/dell-client-products/desktops/alienware-desktops/alienware-aurora-r13/media-gallery/mg-0009-alienware-aurora-r13-lunar-light-wh-clear-panel-cryo-cooled-cryo-cooled/desktop_alienware_aurora_r13_wh_clear_cryo_gallery_1.psd?fmt=png-alpha&pscan=auto&scl=1&wid=3666&hei=4013&qlt=100,1&resMode=sharp2&size=3666,4013&chrss=full&imwidth=5000",https://click.linksynergy.com/link?id=InYMwEjyjDY&offerid=39250.20476918348&type=2&murl=https%3A%2F%2Fad.doubleclick.net%2Fddm%2Ftrackclk%2FN1153793.2372504AF_LINKSHARE%2FB23732657.265944707%3Bdc_trk_aid%3D461028128%3Bdc_trk_cid%3D127759547%3BVEN1%3D%3Bdc_lat%3D%3Bdc_rdid%3D%3Btag_for_child_directed_treatment%3D%3Btfua%3D%3Fhttps%3A%2F%2Fwww.dell.com%2Fja-jp%2Fshop%2Fgaming-and-games%2Falienware-aurora-r13-%25E3%2582%25B9%25E3%2582%25BF%25E3%2583%25B3%25E3%2583%2580%25E3%2583%25BC%25E3%2583%2589%2Fspd%2Falienware-aurora-r13-desktop%2Fcaaawar1301jp,
000-02-004,AlienwareAuroraR13ゲーミングデスクトップ,Alienware,"297,980",,core-i7-12700F,RTX3070,16,"https://i.dell.com/is/image/DellContent//content/dam/ss2/product-images/dell-client-products/desktops/alienware-desktops/alienware-aurora-r13/media-gallery/mg-0009-alienware-aurora-r13-lunar-light-wh-clear-panel-cryo-cooled-cryo-cooled/desktop_alienware_aurora_r13_wh_clear_cryo_gallery_1.psd?fmt=png-alpha&pscan=auto&scl=1&wid=3666&hei=4013&qlt=100,1&resMode=sharp2&size=3666,4013&chrss=full&imwidth=5000",https://click.linksynergy.com/link?id=InYMwEjyjDY&offerid=39250.20476918346&type=2&murl=https%3A%2F%2Fad.doubleclick.net%2Fddm%2Ftrackclk%2FN1153793.2372504AF_LINKSHARE%2FB23732657.265944707%3Bdc_trk_aid%3D461028128%3Bdc_trk_cid%3D127759547%3BVEN1%3D%3Bdc_lat%3D%3Bdc_rdid%3D%3Btag_for_child_directed_treatment%3D%3Btfua%3D%3Fhttps%3A%2F%2Fwww.dell.com%2Fja-jp%2Fshop%2Fgaming-and-games%2Falienware-aurora-r13-%25E3%2583%2597%25E3%2583%25AC%25E3%2583%259F%25E3%2582%25A2%25E3%2583%25A0%2Fspd%2Falienware-aurora-r13-desktop%2Fcaaawar1302jp,
000-02-005,AlienwareAuroraR14ゲーミングデスクトップ,Alienware,"383,980",,ryzen-9-5900,RTX3080Ti,16,"https://i.dell.com/is/image/DellContent/content/dam/ss2/product-images/dell-client-products/desktops/alienware-desktops/alienware-aurora-r14/media-gallery/dark-side-of-the-moon-bk-solid-panel-solid-air-cooled-air-no-front-ambient-lighting/desktop_alienware_aurora_r14_bk_solid-panel_gallery_1.psd?fmt=png-alpha&pscan=auto&scl=1&wid=3013&hei=3760&qlt=100,1&resMode=sharp2&size=3013,3760&chrss=full&imwidth=5000",https://click.linksynergy.com/link?id=InYMwEjyjDY&offerid=39250.19505159250&type=2&murl=https%3A%2F%2Fad.doubleclick.net%2Fddm%2Ftrackclk%2FN1153793.2372504AF_LINKSHARE%2FB23732657.265944707%3Bdc_trk_aid%3D461028128%3Bdc_trk_cid%3D127759547%3BVEN1%3D%3Bdc_lat%3D%3Bdc_rdid%3D%3Btag_for_child_directed_treatment%3D%3Btfua%3D%3Fhttps%3A%2F%2Fwww.dell.com%2Fja-jp%2Fshop%2Fgaming-and-games%2Falienware-aurora-ryzen-edition-r14-%25E3%2583%2597%25E3%2583%25A9%25E3%2583%2581%25E3%2583%258A%2Fspd%2Falienware-aurora-r14-desktop%2Fcaaawar1403jp,
000-02-006,AlienwareAuroraR14ゲーミングデスクトップ,Alienware,"259,980",,ryzen-7-5800X,RTX3070,16,"https://i.dell.com/is/image/DellContent/content/dam/ss2/product-images/dell-client-products/desktops/alienware-desktops/alienware-aurora-r14/media-gallery/dark-side-of-the-moon-bk-solid-panel-solid-air-cooled-air-no-front-ambient-lighting/desktop_alienware_aurora_r14_bk_solid-panel_gallery_1.psd?fmt=png-alpha&pscan=auto&scl=1&wid=3013&hei=3760&qlt=100,1&resMode=sharp2&size=3013,3760&chrss=full&imwidth=5000",https://click.linksynergy.com/link?id=InYMwEjyjDY&offerid=39250.19505159222&type=2&murl=https%3A%2F%2Fad.doubleclick.net%2Fddm%2Ftrackclk%2FN1153793.2372504AF_LINKSHARE%2FB23732657.265944707%3Bdc_trk_aid%3D461028128%3Bdc_trk_cid%3D127759547%3BVEN1%3D%3Bdc_lat%3D%3Bdc_rdid%3D%3Btag_for_child_directed_treatment%3D%3Btfua%3D%3Fhttps%3A%2F%2Fwww.dell.com%2Fja-jp%2Fshop%2Fgaming-and-games%2Falienware-aurora-ryzen-edition-r14-%25E3%2583%2597%25E3%2583%25AC%25E3%2583%259F%25E3%2582%25A2%25E3%2583%25A0%2Fspd%2Falienware-aurora-r14-desktop%2Fcaaawar1402jp,
000-02-007,AlienwareAuroraR14ゲーミングデスクトップ,Alienware,"413,980",,ryzen-9-5950X,RTX3080Ti,16,"https://i.dell.com/is/image/DellContent/content/dam/ss2/product-images/dell-client-products/desktops/alienware-desktops/alienware-aurora-r14/media-gallery/dark-side-of-the-moon-bk-solid-panel-solid-air-cooled-air-no-front-ambient-lighting/desktop_alienware_aurora_r14_bk_solid-panel_gallery_1.psd?fmt=png-alpha&pscan=auto&scl=1&wid=3013&hei=3760&qlt=100,1&resMode=sharp2&size=3013,3760&chrss=full&imwidth=5000",https://click.linksynergy.com/link?id=InYMwEjyjDY&offerid=39250.19505159224&type=2&murl=https%3A%2F%2Fad.doubleclick.net%2Fddm%2Ftrackclk%2FN1153793.2372504AF_LINKSHARE%2FB23732657.265944707%3Bdc_trk_aid%3D461028128%3Bdc_trk_cid%3D127759547%3BVEN1%3D%3Bdc_lat%3D%3Bdc_rdid%3D%3Btag_for_child_directed_treatment%3D%3Btfua%3D%3Fhttps%3A%2F%2Fwww.dell.com%2Fja-jp%2Fshop%2Fgaming-and-games%2Falienware-aurora-ryzen-edition-r14-%25E3%2582%25B9%25E3%2583%2597%25E3%2583%25AC%25E3%2583%259E%25E3%2582%25B7%25E3%2583%25BC%2Fspd%2Falienware-aurora-r14-desktop%2Fcaaawar1404jp,
000-02-008,AlienwareAuroraR13ゲーミングデスクトップ,Alienware,"219,980",,core-i5-12400F,GTX1660Ti,16,"https://i.dell.com/is/image/DellContent//content/dam/ss2/product-images/dell-client-products/desktops/alienware-desktops/alienware-aurora-r13/media-gallery/mg-0009-alienware-aurora-r13-lunar-light-wh-clear-panel-cryo-cooled-cryo-cooled/desktop_alienware_aurora_r13_wh_clear_cryo_gallery_1.psd?fmt=png-alpha&pscan=auto&scl=1&wid=3666&hei=4013&qlt=100,1&resMode=sharp2&size=3666,4013&chrss=full&imwidth=5000",https://click.linksynergy.com/link?id=InYMwEjyjDY&offerid=39250.20476918344&type=2&murl=https%3A%2F%2Fad.doubleclick.net%2Fddm%2Ftrackclk%2FN1153793.2372504AF_LINKSHARE%2FB23732657.265944707%3Bdc_trk_aid%3D461028128%3Bdc_trk_cid%3D127759547%3BVEN1%3D%3Bdc_lat%3D%3Bdc_rdid%3D%3Btag_for_child_directed_treatment%3D%3Btfua%3D%3Fhttps%3A%2F%2Fwww.dell.com%2Fja-jp%2Fshop%2Fgaming-and-games%2Falienware-aurora-r13-%25E3%2583%2595%25E3%2583%25AB%25E3%2582%25AB%25E3%2582%25B9%25E3%2582%25BF%25E3%2583%259E%25E3%2582%25A4%25E3%2582%25BA%2Fspd%2Falienware-aurora-r13-desktop%2Fcaaawar1300jp,
000-02-009,NewAlienwareAuroraR15ゲーミングデスクトップ,Alienware,"341,980",,core-i7-13700KF,RTX3060,16,"https://i.dell.com/is/image/DellContent//content/dam/ss2/product-images/dell-client-products/desktops/alienware-desktops/alienware-aurora-r13/media-gallery/mg-0009-alienware-aurora-r13-lunar-light-wh-clear-panel-cryo-cooled-cryo-cooled/desktop_alienware_aurora_r13_wh_clear_cryo_gallery_1.psd?fmt=png-alpha&pscan=auto&scl=1&wid=3666&hei=4013&qlt=100,1&resMode=sharp2&size=3666,4013&chrss=full&imwidth=5000",https://click.linksynergy.com/link?id=InYMwEjyjDY&offerid=39250.20745276764&type=2&murl=https%3A%2F%2Fad.doubleclick.net%2Fddm%2Ftrackclk%2FN1153793.2372504AF_LINKSHARE%2FB23732657.265944707%3Bdc_trk_aid%3D461028128%3Bdc_trk_cid%3D127759547%3BVEN1%3D%3Bdc_lat%3D%3Bdc_rdid%3D%3Btag_for_child_directed_treatment%3D%3Btfua%3D%3Fhttps%3A%2F%2Fwww.dell.com%2Fja-jp%2Fshop%2Fgaming-and-games%2Fnew-alienware-aurora-r15-%25E3%2582%25B9%25E3%2582%25BF%25E3%2583%25B3%25E3%2583%2580%25E3%2583%25BC%25E3%2583%2589%2Fspd%2Falienware-aurora-r15-desktop%2Fcaaawar1501jp,
000-02-010,NewAlienwareAuroraR15ゲーミングデスクトップ,Alienware,"688,980",,ryzen-9-7950X,RTX4090,16,"https://i.dell.com/is/image/DellContent/content/dam/ss2/product-images/dell-client-products/desktops/alienware-desktops/alienware-aurora-r15-amd/media-gallery/desktop-alienware-aurora-r15-black-cryo-clear-gallery-1.psd?fmt=png-alpha&pscan=auto&scl=1&wid=3483&hei=4305&qlt=100,1&resMode=sharp2&size=3483,4305&chrss=full&imwidth=5000",https://click.linksynergy.com/link?id=InYMwEjyjDY&offerid=39250.20863333234&type=2&murl=https%3A%2F%2Fad.doubleclick.net%2Fddm%2Ftrackclk%2FN1153793.2372504AF_LINKSHARE%2FB23732657.265944707%3Bdc_trk_aid%3D461028128%3Bdc_trk_cid%3D127759547%3BVEN1%3D%3Bdc_lat%3D%3Bdc_rdid%3D%3Btag_for_child_directed_treatment%3D%3Btfua%3D%3Fhttps%3A%2F%2Fwww.dell.com%2Fja-jp%2Fshop%2Fgaming-and-games%2Fnew-alienware-aurora-r15-%25E3%2582%25B9%25E3%2583%2597%25E3%2583%25AC%25E3%2583%259E%25E3%2582%25B7%25E3%2583%25BC%2Fspd%2Falienware-aurora-r15-amd-desktop%2Fcaaawar15a04jp,
000-02-011,NewAlienwareAuroraR15ゲーミングデスクトップ,Alienware,"704,980",,core-i9-13900KF,RTX4090,16,"https://i.dell.com/is/image/DellContent//content/dam/ss2/product-images/dell-client-products/desktops/alienware-desktops/alienware-aurora-r13/media-gallery/mg-0009-alienware-aurora-r13-lunar-light-wh-clear-panel-cryo-cooled-cryo-cooled/desktop_alienware_aurora_r13_wh_clear_cryo_gallery_1.psd?fmt=png-alpha&pscan=auto&scl=1&wid=3666&hei=4013&qlt=100,1&resMode=sharp2&size=3666,4013&chrss=full&imwidth=5000",https://click.linksynergy.com/link?id=InYMwEjyjDY&offerid=39250.20745276744&type=2&murl=https%3A%2F%2Fad.doubleclick.net%2Fddm%2Ftrackclk%2FN1153793.2372504AF_LINKSHARE%2FB23732657.265944707%3Bdc_trk_aid%3D461028128%3Bdc_trk_cid%3D127759547%3BVEN1%3D%3Bdc_lat%3D%3Bdc_rdid%3D%3Btag_for_child_directed_treatment%3D%3Btfua%3D%3Fhttps%3A%2F%2Fwww.dell.com%2Fja-jp%2Fshop%2Fgaming-and-games%2Fnew-alienware-aurora-r15-%25E3%2582%25B9%25E3%2583%2597%25E3%2583%25AC%25E3%2583%259E%25E3%2582%25B7%25E3%2583%25BC%2Fspd%2Falienware-aurora-r15-desktop%2Fcaaawar1504jp,
000-02-012,NewAlienwareAuroraR15ゲーミングデスクトップ,Alienware,"372,980",,core-i7-13700KF,RTX3070,16,"https://i.dell.com/is/image/DellContent//content/dam/ss2/product-images/dell-client-products/desktops/alienware-desktops/alienware-aurora-r13/media-gallery/mg-0009-alienware-aurora-r13-lunar-light-wh-clear-panel-cryo-cooled-cryo-cooled/desktop_alienware_aurora_r13_wh_clear_cryo_gallery_1.psd?fmt=png-alpha&pscan=auto&scl=1&wid=3666&hei=4013&qlt=100,1&resMode=sharp2&size=3666,4013&chrss=full&imwidth=5000",https://click.linksynergy.com/link?id=InYMwEjyjDY&offerid=39250.20748177594&type=2&murl=https%3A%2F%2Fad.doubleclick.net%2Fddm%2Ftrackclk%2FN1153793.2372504AF_LINKSHARE%2FB23732657.265944707%3Bdc_trk_aid%3D461028128%3Bdc_trk_cid%3D127759547%3BVEN1%3D%3Bdc_lat%3D%3Bdc_rdid%3D%3Btag_for_child_directed_treatment%3D%3Btfua%3D%3Fhttps%3A%2F%2Fwww.dell.com%2Fja-jp%2Fshop%2Fgaming-and-games%2Fnew-alienware-aurora-r15-%25E3%2583%2597%25E3%2583%25AC%25E3%2583%259F%25E3%2582%25A2%25E3%2583%25A0%2Fspd%2Falienware-aurora-r15-desktop%2Fcaaawar1502jp,
000-02-013,AlienwareAuroraR14ゲーミングデスクトップ,Alienware,"220,980",,ryzen-5-5600X,RX6600XT,16,"https://i.dell.com/is/image/DellContent/content/dam/ss2/product-images/dell-client-products/desktops/alienware-desktops/alienware-aurora-r14/media-gallery/dark-side-of-the-moon-bk-solid-panel-solid-air-cooled-air-no-front-ambient-lighting/desktop_alienware_aurora_r14_bk_solid-panel_gallery_1.psd?fmt=png-alpha&pscan=auto&scl=1&wid=3013&hei=3760&qlt=100,1&resMode=sharp2&size=3013,3760&chrss=full&imwidth=5000",https://click.linksynergy.com/link?id=InYMwEjyjDY&offerid=39250.19505159264&type=2&murl=https%3A%2F%2Fad.doubleclick.net%2Fddm%2Ftrackclk%2FN1153793.2372504AF_LINKSHARE%2FB23732657.265944707%3Bdc_trk_aid%3D461028128%3Bdc_trk_cid%3D127759547%3BVEN1%3D%3Bdc_lat%3D%3Bdc_rdid%3D%3Btag_for_child_directed_treatment%3D%3Btfua%3D%3Fhttps%3A%2F%2Fwww.dell.com%2Fja-jp%2Fshop%2Fgaming-and-games%2Falienware-aurora-ryzen-edition-r14-%25E3%2583%2595%25E3%2583%25AB%25E3%2582%25AB%25E3%2582%25B9%25E3%2582%25BF%25E3%2583%259E%25E3%2582%25A4%25E3%2582%25BA%2Fspd%2Falienware-aurora-r14-desktop%2Fcaaawar1400jp,
000-02-014,AlienwareAuroraR14ゲーミングデスクトップ,Alienware,"238,979",,ryzen-7-5800,GTX3060Ti,16,"https://i.dell.com/is/image/DellContent/content/dam/ss2/product-images/dell-client-products/desktops/alienware-desktops/alienware-aurora-r14/media-gallery/dark-side-of-the-moon-bk-solid-panel-solid-air-cooled-air-no-front-ambient-lighting/desktop_alienware_aurora_r14_bk_solid-panel_gallery_1.psd?fmt=png-alpha&pscan=auto&scl=1&wid=3013&hei=3760&qlt=100,1&resMode=sharp2&size=3013,3760&chrss=full&imwidth=5000",https://click.linksynergy.com/link?id=InYMwEjyjDY&offerid=39250.19505159262&type=2&murl=https%3A%2F%2Fad.doubleclick.net%2Fddm%2Ftrackclk%2FN1153793.2372504AF_LINKSHARE%2FB23732657.265944707%3Bdc_trk_aid%3D461028128%3Bdc_trk_cid%3D127759547%3BVEN1%3D%3Bdc_lat%3D%3Bdc_rdid%3D%3Btag_for_child_directed_treatment%3D%3Btfua%3D%3Fhttps%3A%2F%2Fwww.dell.com%2Fja-jp%2Fshop%2F%25E8%25A3%25BD%25E5%2593%2581%25E3%2582%25B7%25E3%2583%25AA%25E3%2583%25BC%25E3%2582%25BA%2Falienware-aurora-ryzen-edition-r14-%25E3%2582%25B9%25E3%2582%25BF%25E3%2583%25B3%25E3%2583%2580%25E3%2583%25BC%25E3%2583%2589%2Fspd%2Falienware-aurora-r14-desktop%2Fcaaawar1401jp,
000-02-015,NewAlienwareAuroraR15ゲーミングデスクトップ,Alienware,"306,980",,core-i5-13600KF,RTX3050,16,"https://i.dell.com/is/image/DellContent//content/dam/ss2/product-images/dell-client-products/desktops/alienware-desktops/alienware-aurora-r13/media-gallery/mg-0009-alienware-aurora-r13-lunar-light-wh-clear-panel-cryo-cooled-cryo-cooled/desktop_alienware_aurora_r13_wh_clear_cryo_gallery_1.psd?fmt=png-alpha&pscan=auto&scl=1&wid=3666&hei=4013&qlt=100,1&resMode=sharp2&size=3666,4013&chrss=full&imwidth=5000",https://click.linksynergy.com/link?id=InYMwEjyjDY&offerid=39250.20745276760&type=2&murl=https%3A%2F%2Fad.doubleclick.net%2Fddm%2Ftrackclk%2FN1153793.2372504AF_LINKSHARE%2FB23732657.265944707%3Bdc_trk_aid%3D461028128%3Bdc_trk_cid%3D127759547%3BVEN1%3D%3Bdc_lat%3D%3Bdc_rdid%3D%3Btag_for_child_directed_treatment%3D%3Btfua%3D%3Fhttps%3A%2F%2Fwww.dell.com%2Fja-jp%2Fshop%2Fgaming-and-games%2Fnew-alienware-aurora-r15-%25E3%2583%2595%25E3%2583%25AB%25E3%2582%25AB%25E3%2582%25B9%25E3%2582%25BF%25E3%2583%259E%25E3%2582%25A4%25E3%2582%25BA%2Fspd%2Falienware-aurora-r15-desktop%2Fcaaawar1500jp,
000-02-016,NewAlienwareAuroraR15ゲーミングデスクトップ,Alienware,"412,980",,core-i7-13700KF,RTX3080,16,"https://i.dell.com/is/image/DellContent//content/dam/ss2/product-images/dell-client-products/desktops/alienware-desktops/alienware-aurora-r13/media-gallery/mg-0009-alienware-aurora-r13-lunar-light-wh-clear-panel-cryo-cooled-cryo-cooled/desktop_alienware_aurora_r13_wh_clear_cryo_gallery_1.psd?fmt=png-alpha&pscan=auto&scl=1&wid=3666&hei=4013&qlt=100,1&resMode=sharp2&size=3666,4013&chrss=full&imwidth=5000",https://click.linksynergy.com/link?id=InYMwEjyjDY&offerid=39250.20745276758&type=2&murl=https%3A%2F%2Fad.doubleclick.net%2Fddm%2Ftrackclk%2FN1153793.2372504AF_LINKSHARE%2FB23732657.265944707%3Bdc_trk_aid%3D461028128%3Bdc_trk_cid%3D127759547%3BVEN1%3D%3Bdc_lat%3D%3Bdc_rdid%3D%3Btag_for_child_directed_treatment%3D%3Btfua%3D%3Fhttps%3A%2F%2Fwww.dell.com%2Fja-jp%2Fshop%2Fgaming-and-games%2Fnew-alienware-aurora-r15-%25E3%2583%2597%25E3%2583%25A9%25E3%2583%2581%25E3%2583%258A%2Fspd%2Falienware-aurora-r15-desktop%2Fcaaawar1503jp,
000-02-017,NewAlienwareAuroraR15ゲーミングデスクトップ,Alienware,"354,980",,ryzen-7-7700X,RTX3070,16,"https://i.dell.com/is/image/DellContent/content/dam/ss2/product-images/dell-client-products/desktops/alienware-desktops/alienware-aurora-r15-amd/media-gallery/desktop-alienware-aurora-r15-black-cryo-clear-gallery-1.psd?fmt=png-alpha&pscan=auto&scl=1&wid=3483&hei=4305&qlt=100,1&resMode=sharp2&size=3483,4305&chrss=full&imwidth=5000",https://click.linksynergy.com/link?id=InYMwEjyjDY&offerid=39250.20863333242&type=2&murl=https%3A%2F%2Fad.doubleclick.net%2Fddm%2Ftrackclk%2FN1153793.2372504AF_LINKSHARE%2FB23732657.265944707%3Bdc_trk_aid%3D461028128%3Bdc_trk_cid%3D127759547%3BVEN1%3D%3Bdc_lat%3D%3Bdc_rdid%3D%3Btag_for_child_directed_treatment%3D%3Btfua%3D%3Fhttps%3A%2F%2Fwww.dell.com%2Fja-jp%2Fshop%2Fgaming-and-games%2Fnew-alienware-aurora-r15-%25E3%2582%25B9%25E3%2582%25BF%25E3%2583%25B3%25E3%2583%2580%25E3%2583%25BC%25E3%2583%2589%2Fspd%2Falienware-aurora-r15-amd-desktop%2Fcaaawar15a01jp,
000-02-018,NewAlienwareAuroraR15ゲーミングデスクトップ,Alienware,"394,980",,ryzen-7-7700X,RTX3080,16,"https://i.dell.com/is/image/DellContent/content/dam/ss2/product-images/dell-client-products/desktops/alienware-desktops/alienware-aurora-r15-amd/media-gallery/desktop-alienware-aurora-r15-black-cryo-clear-gallery-1.psd?fmt=png-alpha&pscan=auto&scl=1&wid=3483&hei=4305&qlt=100,1&resMode=sharp2&size=3483,4305&chrss=full&imwidth=5000",https://click.linksynergy.com/link?id=InYMwEjyjDY&offerid=39250.20863333228&type=2&murl=https%3A%2F%2Fad.doubleclick.net%2Fddm%2Ftrackclk%2FN1153793.2372504AF_LINKSHARE%2FB23732657.265944707%3Bdc_trk_aid%3D461028128%3Bdc_trk_cid%3D127759547%3BVEN1%3D%3Bdc_lat%3D%3Bdc_rdid%3D%3Btag_for_child_directed_treatment%3D%3Btfua%3D%3Fhttps%3A%2F%2Fwww.dell.com%2Fja-jp%2Fshop%2Fgaming-and-games%2Fnew-alienware-aurora-r15-%25E3%2583%2597%25E3%2583%25AC%25E3%2583%259F%25E3%2582%25A2%25E3%2583%25A0%2Fspd%2Falienware-aurora-r15-amd-desktop%2Fcaaawar15a02jp,
000-02-019,NewAlienwareAuroraR15ゲーミングデスクトップ,Alienware,"322,980",,ryzen-7-7700X,RTX3060,16,"https://i.dell.com/is/image/DellContent/content/dam/ss2/product-images/dell-client-products/desktops/alienware-desktops/alienware-aurora-r15-amd/media-gallery/desktop-alienware-aurora-r15-black-cryo-clear-gallery-1.psd?fmt=png-alpha&pscan=auto&scl=1&wid=3483&hei=4305&qlt=100,1&resMode=sharp2&size=3483,4305&chrss=full&imwidth=5000",https://click.linksynergy.com/link?id=InYMwEjyjDY&offerid=39250.20863333238&type=2&murl=https%3A%2F%2Fad.doubleclick.net%2Fddm%2Ftrackclk%2FN1153793.2372504AF_LINKSHARE%2FB23732657.265944707%3Bdc_trk_aid%3D461028128%3Bdc_trk_cid%3D127759547%3BVEN1%3D%3Bdc_lat%3D%3Bdc_rdid%3D%3Btag_for_child_directed_treatment%3D%3Btfua%3D%3Fhttps%3A%2F%2Fwww.dell.com%2Fja-jp%2Fshop%2Fgaming-and-games%2Fnew-alienware-aurora-r15-amd-%25E3%2583%2595%25E3%2583%25AB%25E3%2582%25AB%25E3%2582%25B9%25E3%2582%25BF%25E3%2583%259E%25E3%2582%25A4%25E3%2582%25BA%2Fspd%2Falienware-aurora-r15-amd-desktop%2Fcaaawar15a00jp,
000-03-001,FRGH670/SG1,FRONTIER,"199,800",,core-i7-12700F,RTX3050,16,https://www.frontier-direct.jp/img/goods/L/GH-Black-White.jpg,https://px.a8.net/svt/ejp?a8mat=3NJ5T8+B43BAQ+3KX4+BW8O2&a8ejpredirect=https%3A%2F%2Fwww.frontier-direct.jp%2Fdirect%2Fg%2Fg112145%2F,
000-03-002,FRGH670/SG2,FRONTIER,"219,800",,core-i7-12700F,RTX3060,16,https://www.frontier-direct.jp/img/goods/L/GH-Black-White.jpg,https://px.a8.net/svt/ejp?a8mat=3NJ5T8+B43BAQ+3KX4+BW8O2&a8ejpredirect=https%3A%2F%2Fwww.frontier-direct.jp%2Fdirect%2Fg%2Fg112146%2F,
000-03-003,FRGH670/SG3,FRONTIER,"289,800",,core-i7-12700F,RTX3080,32,https://www.frontier-direct.jp/img/goods/L/GH-Black-White.jpg,https://px.a8.net/svt/ejp?a8mat=3NJ5T8+B43BAQ+3KX4+BW8O2&a8ejpredirect=https%3A%2F%2Fwww.frontier-direct.jp%2Fdirect%2Fg%2Fg112147%2F,
000-03-004,FRGAG-H670/SG1,FRONTIER,"269,800",,core-i7-13700K,RTX3070Ti,16,https://www.frontier-direct.jp/img/goods/L/GAG-Black-White.jpg,https://px.a8.net/svt/ejp?a8mat=3NJ5T8+B43BAQ+3KX4+BW8O2&a8ejpredirect=https%3A%2F%2Fwww.frontier-direct.jp%2Fdirect%2Fg%2Fg114680%2F,
000-03-005,FRGAG-H670/SG2,FRONTIER,"304,800",,core-i7-13700K,RTX4070Ti,32,https://www.frontier-direct.jp/img/goods/L/GAG-Black-White.jpg,https://px.a8.net/svt/ejp?a8mat=3NJ5T8+B43BAQ+3KX4+BW8O2&a8ejpredirect=https%3A%2F%2Fwww.frontier-direct.jp%2Fdirect%2Fg%2Fg114680%2F,
000-03-006,FRGAG-B650/SG3,FRONTIER,"329,800",,ryzen-5-7600X,RTX4070Ti,43,https://www.frontier-direct.jp/img/goods/L/GAG-Black-White.jpg,https://px.a8.net/svt/ejp?a8mat=3NJ5T8+B43BAQ+3KX4+BW8O2&a8ejpredirect=https%3A%2F%2Fwww.frontier-direct.jp%2Fdirect%2Fg%2Fg114683%2F,
000-03-007,FRGAH670/SG1/NTK,FRONTIER,"184,800",,core-i7-12700F,GTX1660SUPER,16,https://www.frontier-direct.jp/img/goods/S/GA-EA065.jpg,https://px.a8.net/svt/ejp?a8mat=3NJ5T8+B43BAQ+3KX4+BW8O2&a8ejpredirect=https%3A%2F%2Fwww.frontier-direct.jp%2Fdirect%2Fg%2Fg112148%2F,
000-03-008,FRGAH670/SG2/NTK,FRONTIER,"219,800",,core-i7-12700F,RTX3060Ti,16,https://www.frontier-direct.jp/img/goods/S/GA-EA065.jpg,https://px.a8.net/svt/ejp?a8mat=3NJ5T8+B43BAQ+3KX4+BW8O2&a8ejpredirect=https%3A%2F%2Fwww.frontier-direct.jp%2Fdirect%2Fg%2Fg112149%2F,
000-03-009,FRGAH670/SG3/NTK,FRONTIER,"274,800",,core-i7-12700F,RTX3070,32,https://www.frontier-direct.jp/img/goods/S/GA-EA065.jpg,https://px.a8.net/svt/ejp?a8mat=3NJ5T8+B43BAQ+3KX4+BW8O2&a8ejpredirect=https%3A%2F%2Fwww.frontier-direct.jp%2Fdirect%2Fg%2Fg113517%2F,
000-03-010,FRGAFH570/SG1/NTK,FRONTIER,"164,800",,core-i5-10400F,RTX3060,16,https://www.frontier-direct.jp/img/goods/S/GA-EA065.jpg,https://px.a8.net/svt/ejp?a8mat=3NJ5T8+B43BAQ+3KX4+BW8O2&a8ejpredirect=https%3A%2F%2Fwww.frontier-direct.jp%2Fdirect%2Fg%2Fg113518%2F,
000-03-011,FRGAFH570/SG2/NTK,FRONTIER,"194,800",,core-i7-10700F,RTX3060Ti,16,https://www.frontier-direct.jp/img/goods/S/GA-EA065.jpg,https://px.a8.net/svt/ejp?a8mat=3NJ5T8+B43BAQ+3KX4+BW8O2&a8ejpredirect=https%3A%2F%2Fwww.frontier-direct.jp%2Fdirect%2Fg%2Fg113519%2F,
000-03-012,FRGAFH570/SG3/NTK,FRONTIER,"244,800",,core-i7-10700F,RTX3070,16,https://www.frontier-direct.jp/img/goods/S/GA-EA065.jpg,https://px.a8.net/svt/ejp?a8mat=3NJ5T8+B43BAQ+3KX4+BW8O2&a8ejpredirect=https%3A%2F%2Fwww.frontier-direct.jp%2Fdirect%2Fg%2Fg113520%2F,
000-03-013,FRGTB660/SG1,FRONTIER,199800,,core-i7-12700F,RTX3050,16,https://www.frontier-direct.jp/img/goods/S/GT-SST-FTR04.jpg,https://px.a8.net/svt/ejp?a8mat=3NJ5T8+B43BAQ+3KX4+BW8O2&a8ejpredirect=https%3A%2F%2Fwww.frontier-direct.jp%2Fdirect%2Fg%2Fg114684%2F,
000-03-013,FRGHB550/M1212,FRONTIER,"199,800",SallNow Click!!,Ryzen-7-5700X,RX6700XT,16,https://www.frontier-direct.jp/img/goods/S/GH-Black-White.jpg,https://px.a8.net/svt/ejp?a8mat=3NJ5T8+B43BAQ+3KX4+BW8O2&a8ejpredirect=https%3A%2F%2Fwww.frontier-direct.jp%2Fdirect%2Fg%2Fg114362-Jan%2F,https://px.a8.net/svt/ejp?a8mat=3NJ5T8+B43BAQ+3KX4+BW8O2&a8ejpredirect=https%3A%2F%2Fwww.frontier-direct.jp%2Fdirect%2Fe%2Fej-month%2F
000-03-014,FRGTB660/SG2,FRONTIER,259800,,core-i7-12700F,RTX3070Ti,32,https://www.frontier-direct.jp/img/goods/S/GT-SST-FTR04.jpg,https://px.a8.net/svt/ejp?a8mat=3NJ5T8+B43BAQ+3KX4+BW8O2&a8ejpredirect=https%3A%2F%2Fwww.frontier-direct.jp%2Fdirect%2Fg%2Fg114685%2F,
000-03-014,FRGBZ790/M117,FRONTIER,"509,800",SallNow Click!!,Corei9-13900F,RTX4090,32,https://www.frontier-direct.jp/img/goods/S/GB-SETA.jpg,https://px.a8.net/svt/ejp?a8mat=3NJ5T8+B43BAQ+3KX4+BW8O2&a8ejpredirect=https%3A%2F%2Fwww.frontier-direct.jp%2Fdirect%2Fg%2Fg114612-Jan%2F,https://px.a8.net/svt/ejp?a8mat=3NJ5T8+B43BAQ+3KX4+BW8O2&a8ejpredirect=https%3A%2F%2Fwww.frontier-direct.jp%2Fdirect%2Fe%2Fej-month%2F
000-03-015,FRGXB550/M1118/NTK,FRONTIER,"164,800",SallNow Click!!,Ryzen-5-5600X,RTX3060Ti,16,https://www.frontier-direct.jp/img/goods/S/GX-EM065.jpg,https://px.a8.net/svt/ejp?a8mat=3NJ5T8+B43BAQ+3KX4+BW8O2&a8ejpredirect=https%3A%2F%2Fwww.frontier-direct.jp%2Fdirect%2Fg%2Fg114130-Jan%2F,https://px.a8.net/svt/ejp?a8mat=3NJ5T8+B43BAQ+3KX4+BW8O2&a8ejpredirect=https%3A%2F%2Fwww.frontier-direct.jp%2Fdirect%2Fe%2Fej-month%2F
000-03-015,FRGTB550/SG3,FRONTIER,249800,,ryzen-7-5700X,RTX3070,32,https://www.frontier-direct.jp/img/goods/S/GT-SST-FTR04.jpg,https://px.a8.net/svt/ejp?a8mat=3NJ5T8+B43BAQ+3KX4+BW8O2&a8ejpredirect=https%3A%2F%2Fwww.frontier-direct.jp%2Fdirect%2Fg%2Fg114686%2F,
000-03-016,FRGH670/M1108,FRONTIER,"224,800",SallNow Click!!,Corei5-12400F,RTX3070Ti,16,https://www.frontier-direct.jp/img/goods/S/GH-Black-White.jpg,https://px.a8.net/svt/ejp?a8mat=3NJ5T8+B43BAQ+3KX4+BW8O2&a8ejpredirect=https%3A%2F%2Fwww.frontier-direct.jp%2Fdirect%2Fg%2Fg114035-Jan%2F,https://px.a8.net/svt/ejp?a8mat=3NJ5T8+B43BAQ+3KX4+BW8O2&a8ejpredirect=https%3A%2F%2Fwww.frontier-direct.jp%2Fdirect%2Fe%2Fej-month%2F
000-03-017,FRGXB660/M105/O,FRONTIER,"154,800",SallNow Click!!,Corei5-12400F,RTX3060,16,https://www.frontier-direct.jp/img/goods/S/GX-EM065.jpg,https://px.a8.net/svt/ejp?a8mat=3NJ5T8+B43BAQ+3KX4+BW8O2&a8ejpredirect=https%3A%2F%2Fwww.frontier-direct.jp%2Fdirect%2Fg%2Fg114496-Jan%2F,https://px.a8.net/svt/ejp?a8mat=3NJ5T8+B43BAQ+3KX4+BW8O2&a8ejpredirect=https%3A%2F%2Fwww.frontier-direct.jp%2Fdirect%2Fe%2Fej-month%2F
000-03-018,FRGH670/M117,FRONTIER,"259,800",SallNow Click!!,Corei7-13700F,RTX3070Ti,32,https://www.frontier-direct.jp/img/goods/S/GH-Black-White.jpg,https://px.a8.net/svt/ejp?a8mat=3NJ5T8+B43BAQ+3KX4+BW8O2&a8ejpredirect=https%3A%2F%2Fwww.frontier-direct.jp%2Fdirect%2Fg%2Fg114613-Jan%2F,https://px.a8.net/svt/ejp?a8mat=3NJ5T8+B43BAQ+3KX4+BW8O2&a8ejpredirect=https%3A%2F%2Fwww.frontier-direct.jp%2Fdirect%2Fe%2Fej-month%2F
000-03-019,FRGH670/M1106,FRONTIER,"254,800",SallNow Click!!,core-i7-12700F,RTX3070Ti,32,https://www.frontier-direct.jp/img/goods/S/GH-Black-White.jpg,https://px.a8.net/svt/ejp?a8mat=3NJ5T8+B43BAQ+3KX4+BW8O2&a8ejpredirect=https%3A%2F%2Fwww.frontier-direct.jp%2Fdirect%2Fg%2Fg114027-Jan%2F,https://px.a8.net/svt/ejp?a8mat=3NJ5T8+B43BAQ+3KX4+BW8O2&a8ejpredirect=https%3A%2F%2Fwww.frontier-direct.jp%2Fdirect%2Fe%2Fej-month%2F
000-03-020,FRGHB550/M818,FRONTIER,"219,800",SallNow Click!!,Ryzen-7-5700X,RTX3070Ti,32,https://www.frontier-direct.jp/img/goods/S/GH-Black-White.jpg,https://px.a8.net/svt/ejp?a8mat=3NJ5T8+B43BAQ+3KX4+BW8O2&a8ejpredirect=https%3A%2F%2Fwww.frontier-direct.jp%2Fdirect%2Fg%2Fg113423-Jan%2F,https://px.a8.net/svt/ejp?a8mat=3NJ5T8+B43BAQ+3KX4+BW8O2&a8ejpredirect=https%3A%2F%2Fwww.frontier-direct.jp%2Fdirect%2Fe%2Fej-month%2F
000-03-021,FRGAGH670/M1212,FRONTIER,"249,800",SallNow Click!!,core-i7-12700F,RTX3070,32,https://www.frontier-direct.jp/img/goods/S/GAG-Black-White.jpg,https://px.a8.net/svt/ejp?a8mat=3NJ5T8+B43BAQ+3KX4+BW8O2&a8ejpredirect=https%3A%2F%2Fwww.frontier-direct.jp%2Fdirect%2Fg%2Fg114360-Jan%2F,https://px.a8.net/svt/ejp?a8mat=3NJ5T8+B43BAQ+3KX4+BW8O2&a8ejpredirect=https%3A%2F%2Fwww.frontier-direct.jp%2Fdirect%2Fe%2Fej-month%2F
000-03-022,FRGAGB550/M1212,FRONTIER,"219,800",SallNow Click!!,Ryzen-7-5700X,RTX3070,16,https://www.frontier-direct.jp/img/goods/S/GAG-Black-White.jpg,https://px.a8.net/svt/ejp?a8mat=3NJ5T8+B43BAQ+3KX4+BW8O2&a8ejpredirect=https%3A%2F%2Fwww.frontier-direct.jp%2Fdirect%2Fg%2Fg114361-Jan%2F,https://px.a8.net/svt/ejp?a8mat=3NJ5T8+B43BAQ+3KX4+BW8O2&a8ejpredirect=https%3A%2F%2Fwww.frontier-direct.jp%2Fdirect%2Fe%2Fej-month%2F
000-03-023,FRGAG-H670/M117/NTK,FRONTIER,"289,800",SallNow Click!!,core-i7-12700F,RTX4070Ti,16,https://www.frontier-direct.jp/img/goods/S/GAG-Black-White.jpg,https://px.a8.net/svt/ejp?a8mat=3NJ5T8+B43BAQ+3KX4+BW8O2&a8ejpredirect=https%3A%2F%2Fwww.frontier-direct.jp%2Fdirect%2Fg%2Fg114614-Jan%2F,https://px.a8.net/svt/ejp?a8mat=3NJ5T8+B43BAQ+3KX4+BW8O2&a8ejpredirect=https%3A%2F%2Fwww.frontier-direct.jp%2Fdirect%2Fe%2Fej-month%2F
000-03-024,FRGAH670/M1104/NTK,FRONTIER,"199,800",SallNow Click!!,core-i7-12700F,RTX3060Ti,16,https://www.frontier-direct.jp/img/goods/S/GA-EA065.jpg,https://px.a8.net/svt/ejp?a8mat=3NJ5T8+B43BAQ+3KX4+BW8O2&a8ejpredirect=https%3A%2F%2Fwww.frontier-direct.jp%2Fdirect%2Fg%2Fg114010-Jan%2F,https://px.a8.net/svt/ejp?a8mat=3NJ5T8+B43BAQ+3KX4+BW8O2&a8ejpredirect=https%3A%2F%2Fwww.frontier-direct.jp%2Fdirect%2Fe%2Fej-month%2F
000-03-025,FRGAH670/M1107/NTK,FRONTIER,"169,800",SallNow Click!!,Corei5-12400F,RTX3060Ti,16,https://www.frontier-direct.jp/img/goods/S/GA-EA065.jpg,https://px.a8.net/svt/ejp?a8mat=3NJ5T8+B43BAQ+3KX4+BW8O2&a8ejpredirect=https%3A%2F%2Fwww.frontier-direct.jp%2Fdirect%2Fg%2Fg114030-Jan%2F,https://px.a8.net/svt/ejp?a8mat=3NJ5T8+B43BAQ+3KX4+BW8O2&a8ejpredirect=https%3A%2F%2Fwww.frontier-direct.jp%2Fdirect%2Fe%2Fej-month%2F
000-03-026,FRGXB550/M1024/NTK,FRONTIER,"154,800",SallNow Click!!,Ryzen-5-5600X,RTX3060,16,https://www.frontier-direct.jp/img/goods/S/GX-EM065.jpg,https://px.a8.net/svt/ejp?a8mat=3NJ5T8+B43BAQ+3KX4+BW8O2&a8ejpredirect=https%3A%2F%2Fwww.frontier-direct.jp%2Fdirect%2Fg%2Fg113938-Jan%2F,https://px.a8.net/svt/ejp?a8mat=3NJ5T8+B43BAQ+3KX4+BW8O2&a8ejpredirect=https%3A%2F%2Fwww.frontier-direct.jp%2Fdirect%2Fe%2Fej-month%2F
000-03-027,FRGXB660/M1212/NTK,FRONTIER,"155,800",SallNow Click!!,Core-i5-12400F,RTX3060,16,https://www.frontier-direct.jp/img/goods/S/GX-EM065.jpg,https://px.a8.net/svt/ejp?a8mat=3NJ5T8+B43BAQ+3KX4+BW8O2&a8ejpredirect=https%3A%2F%2Fwww.frontier-direct.jp%2Fdirect%2Fg%2Fg114364-Jan%2F,https://px.a8.net/svt/ejp?a8mat=3NJ5T8+B43BAQ+3KX4+BW8O2&a8ejpredirect=https%3A%2F%2Fwww.frontier-direct.jp%2Fdirect%2Fe%2Fej-month%2F
000-03-028,FRGXB660/M1106/NTK,FRONTIER,"144,800",SallNow Click!!,Core-i5-12400F,RTX3050,16,https://www.frontier-direct.jp/img/goods/S/GX-EM065.jpg,https://px.a8.net/svt/ejp?a8mat=3NJ5T8+B43BAQ+3KX4+BW8O2&a8ejpredirect=https%3A%2F%2Fwww.frontier-direct.jp%2Fdirect%2Fg%2Fg114032-Jan%2F,https://px.a8.net/svt/ejp?a8mat=3NJ5T8+B43BAQ+3KX4+BW8O2&a8ejpredirect=https%3A%2F%2Fwww.frontier-direct.jp%2Fdirect%2Fe%2Fej-month%2F
000-03-029,FRGXB560/M805/NTK,FRONTIER,"124,800",SallNow Click!!,Core-i5-10400F,GTX1660SUPER,16,https://www.frontier-direct.jp/img/goods/S/GX-EM065.jpg,https://px.a8.net/svt/ejp?a8mat=3NJ5T8+B43BAQ+3KX4+BW8O2&a8ejpredirect=https%3A%2F%2Fwww.frontier-direct.jp%2Fdirect%2Fg%2Fg113383-Jan%2F,https://px.a8.net/svt/ejp?a8mat=3NJ5T8+B43BAQ+3KX4+BW8O2&a8ejpredirect=https%3A%2F%2Fwww.frontier-direct.jp%2Fdirect%2Fe%2Fej-month%2F
000-04-001,GALLERIA RM5C-R36T 第13世代Core搭載,GALLERIA,169980,,core-i5-13400F,RTX3060Ti,16,https://www.dospara.co.jp/dw/image/v2/BGKW_PRD/on/demandware.static/-/Sites-dospara-catalog-ms/default/dwb53969da/img/large/pc/2022/skm_s_800.png?sw=400,https://www.dospara.co.jp/TC30/MC12054.html,
000-04-002,GALLERIA RM7C-R36T 第13世代Core搭載,GALLERIA,209980,,core-i7-13700F,RTX3060Ti,16,https://www.dospara.co.jp/dw/image/v2/BGKW_PRD/on/demandware.static/-/Sites-dospara-catalog-ms/default/dwb53969da/img/large/pc/2022/skm_s_800.png?sw=400,https://www.dospara.co.jp/TC30/MC12300.html,
000-04-003,GALLERIA XA7C-R47T 第13世代Core搭載,GALLERIA,309980,,core-i7-13700F,RTX4070Ti,16,https://www.dospara.co.jp/dw/image/v2/BGKW_PRD/on/demandware.static/-/Sites-dospara-catalog-ms/default/dwb53969da/img/large/pc/2022/skm_s_800.png?sw=400,https://www.dospara.co.jp/TC30/MC12058.html,
000-04-004,GALLERIA RM7C-R37 第13世代Core搭載,GALLERIA,229980,,core-i7-13700F,RTX3070,16,https://www.dospara.co.jp/dw/image/v2/BGKW_PRD/on/demandware.static/-/Sites-dospara-catalog-ms/default/dwb53969da/img/large/pc/2022/skm_s_800.png?sw=400,https://www.dospara.co.jp/TC30/MC12299.html,
000-04-005,GALLERIA RM5R-G60S Minecraft: Java＆Bedrock Edition for PC同梱版,GALLERIA,109980,,ryzen-5-4500,GTX1660SUPER,16,https://www.dospara.co.jp/dw/image/v2/BGKW_PRD/on/demandware.static/-/Sites-dospara-catalog-ms/default/dwb53969da/img/large/pc/2022/skm_s_800.png?sw=400,https://www.dospara.co.jp/TC30/MC11333.html,
000-04-006,GALLERIA XA7C-R38 第13世代Core搭載,GALLERIA,269980,,core-i7-13700F,RTX3080,16,https://www.dospara.co.jp/dw/image/v2/BGKW_PRD/on/demandware.static/-/Sites-dospara-catalog-ms/default/dwb53969da/img/large/pc/2022/skm_s_800.png?sw=400,https://www.dospara.co.jp/TC30/MC12274.html,
000-04-007,GALLERIA XA5R-R36T 半期決算特別モデル,GALLERIA,164980,,ryzen-5-5600X,RTX3060Ti,16,https://www.dospara.co.jp/dw/image/v2/BGKW_PRD/on/demandware.static/-/Sites-dospara-catalog-ms/default/dwb53969da/img/large/pc/2022/skm_s_800.png?sw=400,https://www.dospara.co.jp/TC30/MC12203.html,
000-04-008,GALLERIA RM5C-R36 第13世代Core搭載,GALLERIA,159980,,core-i5-13400F,RTX3060,16,https://www.dospara.co.jp/dw/image/v2/BGKW_PRD/on/demandware.static/-/Sites-dospara-catalog-ms/default/dwb53969da/img/large/pc/2022/skm_s_800.png?sw=400,https://www.dospara.co.jp/TC30/MC12055.html,
000-04-009,GALLERIA UA9C-R49 第13世代Core搭載,GALLERIA,639980,,core-i9-13900KF,RTX40902,32,https://www.dospara.co.jp/dw/image/v2/BGKW_PRD/on/demandware.static/-/Sites-dospara-catalog-ms/default/dw5723fef6/img/large/pc/2022/sk_p_800.png?sw=200,https://www.dospara.co.jp/TC30/MC12015.html,
000-04-010,GALLERIA RM5R-R36 Minecraft: Java＆Bedrock Edition for PC同梱版,GALLERIA,134979,,ryzen-5-4500,RTX3060,16,https://www.dospara.co.jp/dw/image/v2/BGKW_PRD/on/demandware.static/-/Sites-dospara-catalog-ms/default/dwb53969da/img/large/pc/2022/skm_s_800.png?sw=400,https://www.dospara.co.jp/TC30/MC11331.html,
000-04-011,GALLERIA XA7C-R36T ぶいすぽっ！コラボモデル,GALLERIA,209980,,core-i7-13700F,RTX3060Ti,16,https://www.dospara.co.jp/dw/image/v2/BGKW_PRD/on/demandware.static/-/Sites-dospara-catalog-ms/default/dwb53969da/img/large/pc/2022/skm_s_800.png?sw=400,https://www.dospara.co.jp/TC30/MC12240.html,
000-04-012,GALLERIA XA7R-R37,GALLERIA,204980,,ryzen-7-5700X,RTX3070,16,https://www.dospara.co.jp/dw/image/v2/BGKW_PRD/on/demandware.static/-/Sites-dospara-catalog-ms/default/dwb53969da/img/large/pc/2022/skm_s_800.png?sw=400,https://www.dospara.co.jp/TC30/MC12196.html,
000-04-013,GALLERIA ZA9C-R48 第13世代Core搭載,GALLERIA,469980,,core-i9-13900KF,RTX4080,16,https://www.dospara.co.jp/dw/image/v2/BGKW_PRD/on/demandware.static/-/Sites-dospara-catalog-ms/default/dwb53969da/img/large/pc/2022/skm_s_800.png?sw=400,https://www.dospara.co.jp/TC30/MC12011.html,
000-04-014,GALLERIA RM5R-66 半期決算特別モデル,GALLERIA,121980,,ryzen-5-4500,RX6600,16,https://www.dospara.co.jp/dw/image/v2/BGKW_PRD/on/demandware.static/-/Sites-dospara-catalog-ms/default/dwb53969da/img/large/pc/2022/skm_s_800.png?sw=400,https://www.dospara.co.jp/TC30/MC12216.html,
000-04-015,GALLERIA XA7C-R48 第13世代Core搭載,GALLERIA,369980,,core-i7-13700F,RTX4080,16,https://www.dospara.co.jp/dw/image/v2/BGKW_PRD/on/demandware.static/-/Sites-dospara-catalog-ms/default/dwb53969da/img/large/pc/2022/skm_s_800.png?sw=400,https://www.dospara.co.jp/TC30/MC12049.html,
000-04-016,GALLERIA RM5R-R36T Minecraft: Java＆Bedrock Edition for PC同梱版,GALLERIA,144980,,ryzen-5-4500,RTX3060Ti,16,https://www.dospara.co.jp/dw/image/v2/BGKW_PRD/on/demandware.static/-/Sites-dospara-catalog-ms/default/dwb53969da/img/large/pc/2022/skm_s_800.png?sw=400,https://www.dospara.co.jp/TC30/MC11330.html,
000-04-017,GALLERIA CRA7C-R37 Crazy Raccoon コラボモデル,GALLERIA,289980,,core-i7-13700F,RTX3070,16,https://www.dospara.co.jp/dw/image/v2/BGKW_PRD/on/demandware.static/-/Sites-dospara-catalog-ms/default/dwbabc7a7a/img/large/pc/2022/sk_crazyraccoon_800_05.png?sw=200,https://www.dospara.co.jp/TC30/MC12228.html,
000-04-018,GALLERIA RM7C-R37 通販リニューアル記念キャンペーンモデル,GALLERIA,209980,,core-i7-12700F,RTX3070,16,https://www.dospara.co.jp/dw/image/v2/BGKW_PRD/on/demandware.static/-/Sites-dospara-catalog-ms/default/dwb53969da/img/large/pc/2022/skm_s_800.png?sw=400,https://www.dospara.co.jp/TC30/MC12311.html,
000-04-019,GALLERIA ZA7C-R48 第13世代Core搭載,GALLERIA,439980,,core-i7-13700KF,RTX4080,16,https://www.dospara.co.jp/dw/image/v2/BGKW_PRD/on/demandware.static/-/Sites-dospara-catalog-ms/default/dwb53969da/img/large/pc/2022/skm_s_800.png?sw=400,https://www.dospara.co.jp/TC30/MC12008.html,
000-04-020,GALLERIA ZA9C-R49 第13世代Core搭載,GALLERIA,579980,,core-i9-13900KF,RTX40902,16,https://www.dospara.co.jp/dw/image/v2/BGKW_PRD/on/demandware.static/-/Sites-dospara-catalog-ms/default/dwb53969da/img/large/pc/2022/skm_s_800.png?sw=400,https://www.dospara.co.jp/TC30/MC12010.html,
000-04-021,GALLERIA RM5C-G60S 第13世代Core搭載,GALLERIA,144980,,core-i5-13400F,GTX1660SUPER,16,https://www.dospara.co.jp/dw/image/v2/BGKW_PRD/on/demandware.static/-/Sites-dospara-catalog-ms/default/dwb53969da/img/large/pc/2022/skm_s_800.png?sw=400,https://www.dospara.co.jp/TC30/MC12057.html,
000-04-022,GALLERIA XA7C-R37T 第13世代Core搭載,GALLERIA,249980,,core-i7-13700F,RTX3070Ti,16,https://www.dospara.co.jp/dw/image/v2/BGKW_PRD/on/demandware.static/-/Sites-dospara-catalog-ms/default/dwb53969da/img/large/pc/2022/skm_s_800.png?sw=400,https://www.dospara.co.jp/TC30/MC12050.html,
000-04-023,GALLERIA ZA9C-R37 ぶいすぽっ！コラボモデル,GALLERIA,319980,,core-i9-13900KF,RTX3070,16,https://www.dospara.co.jp/dw/image/v2/BGKW_PRD/on/demandware.static/-/Sites-dospara-catalog-ms/default/dwb53969da/img/large/pc/2022/skm_s_800.png?sw=400,https://www.dospara.co.jp/TC30/MC12239.html,
000-04-024,GALLERIA UA9C-R48 第13世代Core搭載,GALLERIA,519980,,core-i9-13900KF,RTX4080,32,https://www.dospara.co.jp/dw/image/v2/BGKW_PRD/on/demandware.static/-/Sites-dospara-catalog-ms/default/dw5723fef6/img/large/pc/2022/sk_p_800.png?sw=200,https://www.dospara.co.jp/TC30/MC12016.html,
000-04-025,GALLERIA CRA5C-G60S Crazy Raccoon コラボモデル,GALLERIA,174980,,core-i5-13400F,GTX1660SUPER,16,https://www.dospara.co.jp/dw/image/v2/BGKW_PRD/on/demandware.static/-/Sites-dospara-catalog-ms/default/dwbabc7a7a/img/large/pc/2022/sk_crazyraccoon_800_05.png?sw=200,https://www.dospara.co.jp/TC30/MC12231.html,
000-04-026,GALLERIA CRA7C-R48 Crazy Raccoon コラボモデル,GALLERIA,439980,,core-i7-13700F,RTX4080,16,https://www.dospara.co.jp/dw/image/v2/BGKW_PRD/on/demandware.static/-/Sites-dospara-catalog-ms/default/dwbabc7a7a/img/large/pc/2022/sk_crazyraccoon_800_05.png?sw=200,https://www.dospara.co.jp/TC30/MC12023.html,
000-04-027,GALLERIA CRA7C-R36T Crazy Raccoon コラボモデル,GALLERIA,259980,,core-i7-13700F,RTX3060Ti,16,https://www.dospara.co.jp/dw/image/v2/BGKW_PRD/on/demandware.static/-/Sites-dospara-catalog-ms/default/dwbabc7a7a/img/large/pc/2022/sk_crazyraccoon_800_05.png?sw=200,https://www.dospara.co.jp/TC30/MC12229.html,
000-04-028,GALLERIA ZA7C-R47T 第13世代Core搭載,GALLERIA,389980,,core-i7-13700KF,RTX4070Ti,16,https://www.dospara.co.jp/dw/image/v2/BGKW_PRD/on/demandware.static/-/Sites-dospara-catalog-ms/default/dwb53969da/img/large/pc/2022/skm_s_800.png?sw=400,https://www.dospara.co.jp/TC30/MC12060.html,
000-04-029,GALLERIA ZA7C-R38 第13世代Core搭載,GALLERIA,319980,,core-i7-13700KF,RTX3080,16,https://www.dospara.co.jp/dw/image/v2/BGKW_PRD/on/demandware.static/-/Sites-dospara-catalog-ms/default/dwb53969da/img/large/pc/2022/skm_s_800.png?sw=400,https://www.dospara.co.jp/TC30/MC12007.html,
000-04-030,GALLERIA CRA7C-R36 Crazy Raccoon コラボモデル,GALLERIA,249980,,core-i7-13700F,RTX3060,16,https://www.dospara.co.jp/dw/image/v2/BGKW_PRD/on/demandware.static/-/Sites-dospara-catalog-ms/default/dwbabc7a7a/img/large/pc/2022/sk_crazyraccoon_800_05.png?sw=200,https://www.dospara.co.jp/TC30/MC12230.html,
000-04-031,GALLERIA ZA9C-R47T 第13世代Core搭載,GALLERIA,419980,,core-i9-13900KF,RTX4070Ti,16,https://www.dospara.co.jp/dw/image/v2/BGKW_PRD/on/demandware.static/-/Sites-dospara-catalog-ms/default/dwb53969da/img/large/pc/2022/skm_s_800.png?sw=400,https://www.dospara.co.jp/TC30/MC12061.html,
000-04-032,GALLERIA XA7R-R37T,GALLERIA,224980,,ryzen-7-5700X,RTX3070Ti,16,https://www.dospara.co.jp/dw/image/v2/BGKW_PRD/on/demandware.static/-/Sites-dospara-catalog-ms/default/dwb53969da/img/large/pc/2022/skm_s_800.png?sw=400,https://www.dospara.co.jp/TC30/MC11923.html,
000-04-033,GALLERIA XA7R-R36T,GALLERIA,184980,,ryzen-7-5700X,RTX3060Ti,16,https://www.dospara.co.jp/dw/image/v2/BGKW_PRD/on/demandware.static/-/Sites-dospara-catalog-ms/default/dwb53969da/img/large/pc/2022/skm_s_800.png?sw=400,https://www.dospara.co.jp/TC30/MC12197.html,
000-04-034,GALLERIA ZA7C-R37 第13世代Core搭載,GALLERIA,289980,,core-i7-13700KF,RTX3070,16,https://www.dospara.co.jp/dw/image/v2/BGKW_PRD/on/demandware.static/-/Sites-dospara-catalog-ms/default/dwb53969da/img/large/pc/2022/skm_s_800.png?sw=400,https://www.dospara.co.jp/TC30/MC12006.html,
000-04-035,GALLERIA RM5C-R36T 通販リニューアル記念キャンペーンモデル,GALLERIA,164980,,core-i5-12400F,RTX3060Ti,16,https://www.dospara.co.jp/dw/image/v2/BGKW_PRD/on/demandware.static/-/Sites-dospara-catalog-ms/default/dwb53969da/img/large/pc/2022/skm_s_800.png?sw=400,https://www.dospara.co.jp/TC30/MC12312.html,
000-04-036,GALLERIA ZA9C-R38 第13世代Core搭載,GALLERIA,359980,,core-i9-13900KF,RTX3080,16,https://www.dospara.co.jp/dw/image/v2/BGKW_PRD/on/demandware.static/-/Sites-dospara-catalog-ms/default/dwb53969da/img/large/pc/2022/skm_s_800.png?sw=400,https://www.dospara.co.jp/TC30/MC12012.html,
000-04-037,GALLERIA RM5R-R35 Minecraft: Java＆Bedrock Edition for PC同梱版,GALLERIA,129980,,ryzen-5-4500,RTX3050,16,https://www.dospara.co.jp/dw/image/v2/BGKW_PRD/on/demandware.static/-/Sites-dospara-catalog-ms/default/dwb53969da/img/large/pc/2022/skm_s_800.png?sw=400,https://www.dospara.co.jp/TC30/MC11332.html,
000-04-038,GALLERIA ZA9C-R37 SHAKA コラボモデル,GALLERIA,349980,,core-i9-13900F,RTX3070,16,https://www.dospara.co.jp/dw/image/v2/BGKW_PRD/on/demandware.static/-/Sites-dospara-catalog-ms/default/dw49be6026/img/large/pc/2022/shaka_collab_800.png?sw=200,https://www.dospara.co.jp/TC30/MC12256.html,
000-04-039,GALLERIA XA7C-R36T SHAKA コラボモデル,GALLERIA,269980,,core-i7-13700F,RTX3060Ti,16,https://www.dospara.co.jp/dw/image/v2/BGKW_PRD/on/demandware.static/-/Sites-dospara-catalog-ms/default/dw49be6026/img/large/pc/2022/shaka_collab_800.png?sw=200,https://www.dospara.co.jp/TC30/MC12257.html,
000-04-040,GALLERIA ZA9C-R37 第13世代Core搭載,GALLERIA,319980,,core-i9-13900KF,RTX3070,16,https://www.dospara.co.jp/dw/image/v2/BGKW_PRD/on/demandware.static/-/Sites-dospara-catalog-ms/default/dwb53969da/img/large/pc/2022/skm_s_800.png?sw=400,https://www.dospara.co.jp/TC30/MC12014.html,
000-04-041,GALLERIA RM7C-R36 第13世代Core搭載,GALLERIA,204980,,core-i7-13700F,RTX3060,16,https://www.dospara.co.jp/dw/image/v2/BGKW_PRD/on/demandware.static/-/Sites-dospara-catalog-ms/default/dwb53969da/img/large/pc/2022/skm_s_800.png?sw=400,https://www.dospara.co.jp/TC30/MC12301.html,
000-04-042,GALLERIA SHA7C-R37 渋谷ハル コラボモデル,GALLERIA,289980,,core-i7-13700F,RTX3070,16,https://www.dospara.co.jp/dw/image/v2/BGKW_PRD/on/demandware.static/-/Sites-dospara-catalog-ms/default/dw53981359/img/large/pc/2022/sk_shibuyaharu_800.png?sw=200,https://www.dospara.co.jp/TC30/MC12235.html,
000-04-043,GALLERIA UA9R-R49 7950X搭載,GALLERIA,659980,,ryzen-9-7950X,RTX40902,32,https://www.dospara.co.jp/dw/image/v2/BGKW_PRD/on/demandware.static/-/Sites-dospara-catalog-ms/default/dw5723fef6/img/large/pc/2022/sk_p_800.png?sw=200,https://www.dospara.co.jp/TC30/MC11942.html,
000-04-044,GALLERIA XA5R-R36T 5600X搭載,GALLERIA,174980,,ryzen-5-5600X,RTX3060Ti,16,https://www.dospara.co.jp/dw/image/v2/BGKW_PRD/on/demandware.static/-/Sites-dospara-catalog-ms/default/dwb53969da/img/large/pc/2022/skm_s_800.png?sw=400,https://www.dospara.co.jp/TC30/MC11916.html,
000-04-045,GALLERIA XA7R-R36 Zelarl ゼラール コラボモデル,GALLERIA,169980,,ryzen-7-5700X,RTX3060,16,https://www.dospara.co.jp/dw/image/v2/BGKW_PRD/on/demandware.static/-/Sites-dospara-catalog-ms/default/dwbd81ec1b/img/large/pc/2022/sk_s_zelarl_800.png?sw=200,https://www.dospara.co.jp/TC30/MC11827.html,
000-04-046,GALLERIA XA5C-R36 SHAKA コラボモデル,GALLERIA,219980,,core-i5-13400F,RTX3060,16,https://www.dospara.co.jp/dw/image/v2/BGKW_PRD/on/demandware.static/-/Sites-dospara-catalog-ms/default/dwb53969da/img/large/pc/2022/skm_s_800.png?sw=400,https://www.dospara.co.jp/TC30/MC12258.html,
000-04-047,GALLERIA SHA9C-R49 渋谷ハル コラボモデル,GALLERIA,639980,,core-i9-13900KF,RTX40902,16,https://www.dospara.co.jp/dw/image/v2/BGKW_PRD/on/demandware.static/-/Sites-dospara-catalog-ms/default/dw53981359/img/large/pc/2022/sk_shibuyaharu_800.png?sw=200,https://www.dospara.co.jp/TC30/MC12233.html,
000-04-048,GALLERIA RM5C-R36 通販リニューアル記念キャンペーンモデル,GALLERIA,154980,,core-i5-12400F,RTX3060,16,https://www.dospara.co.jp/dw/image/v2/BGKW_PRD/on/demandware.static/-/Sites-dospara-catalog-ms/default/dwb53969da/img/large/pc/2022/skm_s_800.png?sw=400,https://www.dospara.co.jp/TC30/MC12313.html,
000-04-049,GALLERIA RM5R-G60S STAGE:0 大会協賛モデル,GALLERIA,119980,,ryzen-5-4500,GTX1660SUPER,16,https://www.dospara.co.jp/dw/image/v2/BGKW_PRD/on/demandware.static/-/Sites-dospara-catalog-ms/default/dwb53969da/img/large/pc/2022/skm_s_800.png?sw=400,https://www.dospara.co.jp/TC30/MC11554.html,
000-04-050,GALLERIA XA5R-R36 5600X搭載,GALLERIA,154980,,ryzen-5-5600X,RTX3060,16,https://www.dospara.co.jp/dw/image/v2/BGKW_PRD/on/demandware.static/-/Sites-dospara-catalog-ms/default/dwb53969da/img/large/pc/2022/skm_s_800.png?sw=400,https://www.dospara.co.jp/TC30/MC11918.html,
000-04-051,GALLERIA XA5R-G60S 5600X搭載,GALLERIA,134979,,ryzen-5-5600X,GTX1660SUPER,16,https://www.dospara.co.jp/dw/image/v2/BGKW_PRD/on/demandware.static/-/Sites-dospara-catalog-ms/default/dwb53969da/img/large/pc/2022/skm_s_800.png?sw=400,https://www.dospara.co.jp/TC30/MC11920.html,
000-04-052,GALLERIA RM5R-R36 5600X搭載,GALLERIA,164980,,ryzen-5-5600X,RTX3060,16,https://www.dospara.co.jp/dw/image/v2/BGKW_PRD/on/demandware.static/-/Sites-dospara-catalog-ms/default/dwb53969da/img/large/pc/2022/skm_s_800.png?sw=400,https://www.dospara.co.jp/TC30/MC11761.html,
000-04-053,GALLERIA ZA7C-R49 第13世代Core搭載,GALLERIA,529980,,core-i7-13700KF,RTX40902,16,https://www.dospara.co.jp/dw/image/v2/BGKW_PRD/on/demandware.static/-/Sites-dospara-catalog-ms/default/dwb53969da/img/large/pc/2022/skm_s_800.png?sw=400,https://www.dospara.co.jp/TC30/MC12009.html,
000-04-054,GALLERIA XA7R-R38 Minecraft: Java＆Bedrock Edition for PC同梱版,GALLERIA,259980,,ryzen-7-5700X,RTX3080,16,https://www.dospara.co.jp/dw/image/v2/BGKW_PRD/on/demandware.static/-/Sites-dospara-catalog-ms/default/dwb53969da/img/large/pc/2022/skm_s_800.png?sw=400,https://www.dospara.co.jp/TC30/MC12275.html,
000-04-055,GALLERIA RM5C-G60S ぶいすぽっ！コラボモデル,GALLERIA,144980,,core-i5-13400F,GTX1660SUPER,16,https://www.dospara.co.jp/dw/image/v2/BGKW_PRD/on/demandware.static/-/Sites-dospara-catalog-ms/default/dwb53969da/img/large/pc/2022/skm_s_800.png?sw=400,https://www.dospara.co.jp/TC30/MC12241.html,
000-04-056,GALLERIA ZA9C-R48 ぶいすぽっ！コラボモデル,GALLERIA,469980,,core-i9-13900KF,RTX4080,16,https://www.dospara.co.jp/dw/image/v2/BGKW_PRD/on/demandware.static/-/Sites-dospara-catalog-ms/default/dwb53969da/img/large/pc/2022/skm_s_800.png?sw=400,https://www.dospara.co.jp/TC30/MC12303.html,
000-04-057,GALLERIA SHA5C-G60S 渋谷ハル コラボモデル,GALLERIA,174980,,core-i5-13400F,GTX1660SUPER,16,https://www.dospara.co.jp/dw/image/v2/BGKW_PRD/on/demandware.static/-/Sites-dospara-catalog-ms/default/dw53981359/img/large/pc/2022/sk_shibuyaharu_800.png?sw=200,https://www.dospara.co.jp/TC30/MC12238.html,
000-04-058,GALLERIA SHA7C-R36T 渋谷ハル コラボモデル,GALLERIA,259980,,core-i7-13700F,RTX3060Ti,16,https://www.dospara.co.jp/dw/image/v2/BGKW_PRD/on/demandware.static/-/Sites-dospara-catalog-ms/default/dw53981359/img/large/pc/2022/sk_shibuyaharu_800.png?sw=200,https://www.dospara.co.jp/TC30/MC12236.html,
000-04-059,GALLERIA UA9C-R47T 第13世代Core搭載,GALLERIA,459980,,core-i9-13900KF,RTX4070Ti,16,https://www.dospara.co.jp/dw/image/v2/BGKW_PRD/on/demandware.static/-/Sites-dospara-catalog-ms/default/dw5723fef6/img/large/pc/2022/sk_p_800.png?sw=200,https://www.dospara.co.jp/TC30/MC12062.html,
000-04-060,GALLERIA XA7R-R36,GALLERIA,169980,,ryzen-7-5700X,RTX3060,16,https://www.dospara.co.jp/dw/image/v2/BGKW_PRD/on/demandware.static/-/Sites-dospara-catalog-ms/default/dwb53969da/img/large/pc/2022/skm_s_800.png?sw=400,https://www.dospara.co.jp/TC30/MC12198.html,
000-04-061,GALLERIA SHA7C-R36 渋谷ハル コラボモデル,GALLERIA,249980,,core-i7-13700F,RTX3060,16,https://www.dospara.co.jp/dw/image/v2/BGKW_PRD/on/demandware.static/-/Sites-dospara-catalog-ms/default/dw53981359/img/large/pc/2022/sk_shibuyaharu_800.png?sw=200,https://www.dospara.co.jp/TC30/MC12237.html,
000-04-062,GALLERIA XA7R-665XT,GALLERIA,169980,,ryzen-7-5700X,RX6650XT,16,https://www.dospara.co.jp/dw/image/v2/BGKW_PRD/on/demandware.static/-/Sites-dospara-catalog-ms/default/dwb53969da/img/large/pc/2022/skm_s_800.png?sw=400,https://www.dospara.co.jp/TC30/MC11824.html,
000-04-063,GALLERIA ZA9R-R48 7900X搭載,GALLERIA,499980,,ryzen-9-7900X,RTX4080,16,https://www.dospara.co.jp/dw/image/v2/BGKW_PRD/on/demandware.static/-/Sites-dospara-catalog-ms/default/dwb53969da/img/large/pc/2022/skm_s_800.png?sw=400,https://www.dospara.co.jp/TC30/MC11855.html,
000-04-064,GALLERIA RM5C-R35 第13世代Core搭載,GALLERIA,154980,,core-i5-13400F,RTX3050,16,https://www.dospara.co.jp/dw/image/v2/BGKW_PRD/on/demandware.static/-/Sites-dospara-catalog-ms/default/dwb53969da/img/large/pc/2022/skm_s_800.png?sw=400,https://www.dospara.co.jp/TC30/MC12151.html,
000-04-065,GALLERIA XA7R-R37 杏仁ミル コラボモデル,GALLERIA,204980,,ryzen-7-5700X,RTX3070,16,https://www.dospara.co.jp/dw/image/v2/BGKW_PRD/on/demandware.static/-/Sites-dospara-catalog-ms/default/dwa8c0a0d9/img/large/pc/2022/sk_s_a_410.png?sw=200,https://www.dospara.co.jp/TC30/MC11828.html,
000-04-066,GALLERIA ZA7R-R37 5800X搭載,GALLERIA,229980,,ryzen-7-5800X,RTX3070,16,https://www.dospara.co.jp/dw/image/v2/BGKW_PRD/on/demandware.static/-/Sites-dospara-catalog-ms/default/dwb53969da/img/large/pc/2022/skm_s_800.png?sw=400,https://www.dospara.co.jp/TC30/MC9710.html,
000-04-067,GALLERIA RM5C-R36T αDコラボモデル,GALLERIA,174980,,core-i5-13400F,RTX3060Ti,16,https://www.dospara.co.jp/dw/image/v2/BGKW_PRD/on/demandware.static/-/Sites-dospara-catalog-ms/default/dw9bdde921/img/large/pc/2022/skm_s_alphad_800.png?sw=200,https://www.dospara.co.jp/TC30/MC12260.html,
000-04-068,GALLERIA RM5R-G60S SCARZ コラボモデル,GALLERIA,119980,,ryzen-5-4500,GTX1660SUPER,16,https://www.dospara.co.jp/dw/image/v2/BGKW_PRD/on/demandware.static/-/Sites-dospara-catalog-ms/default/dwbe841792/img/large/pc/2022/scarz_skm_410.png?sw=200,https://www.dospara.co.jp/TC30/MC11776.html,
000-04-069,GALLERIA UA9C-R38 第13世代Core搭載,GALLERIA,449980,,core-i9-13900KF,RTX3080,32,https://www.dospara.co.jp/dw/image/v2/BGKW_PRD/on/demandware.static/-/Sites-dospara-catalog-ms/default/dw5723fef6/img/large/pc/2022/sk_p_800.png?sw=200,https://www.dospara.co.jp/TC30/MC12017.html,
000-04-070,GALLERIA UA9C-R37 第13世代Core搭載,GALLERIA,399980,,core-i9-13900KF,RTX3070,16,https://www.dospara.co.jp/dw/image/v2/BGKW_PRD/on/demandware.static/-/Sites-dospara-catalog-ms/default/dw5723fef6/img/large/pc/2022/sk_p_800.png?sw=200,https://www.dospara.co.jp/TC30/MC12019.html,
000-04-071,GALLERIA SHA7C-R48 渋谷ハル コラボモデル,GALLERIA,439980,,core-i7-13700F,RTX4080,16,https://www.dospara.co.jp/dw/image/v2/BGKW_PRD/on/demandware.static/-/Sites-dospara-catalog-ms/default/dw53981359/img/large/pc/2022/sk_shibuyaharu_800.png?sw=200,https://www.dospara.co.jp/TC30/MC12234.html,
000-04-072,GALLERIA XA7R-R38T,GALLERIA,299979,,ryzen-7-5700X,RTX3080Ti,16,https://www.dospara.co.jp/dw/image/v2/BGKW_PRD/on/demandware.static/-/Sites-dospara-catalog-ms/default/dwb53969da/img/large/pc/2022/skm_s_800.png?sw=400,https://www.dospara.co.jp/TC30/MC12195.html,
000-04-073,GALLERIA XA7C-R37 ゆふな コラボモデル,GALLERIA,229980,,core-i7-13700F,RTX3070,16,https://www.dospara.co.jp/dw/image/v2/BGKW_PRD/on/demandware.static/-/Sites-dospara-catalog-ms/default/dw3c6dc5f7/img/large/pc/2022/sk_yufuna_800.png?sw=200,https://www.dospara.co.jp/TC30/MC12248.html,
000-04-074,GALLERIA XA7C-R38T Z690 DDR5 搭載 Minecraft: Java＆Bedrock Edition for PC同梱版,GALLERIA,299979,,core-i7-12700F,RTX3080Ti,16,https://www.dospara.co.jp/dw/image/v2/BGKW_PRD/on/demandware.static/-/Sites-dospara-catalog-ms/default/dwb53969da/img/large/pc/2022/skm_s_800.png?sw=400,https://www.dospara.co.jp/TC30/MC12310.html,
000-04-075,GALLERIA XA7C-R37 αDコラボモデル,GALLERIA,229980,,core-i7-13700F,RTX3070,16,https://www.dospara.co.jp/dw/image/v2/BGKW_PRD/on/demandware.static/-/Sites-dospara-catalog-ms/default/dw9bdde921/img/large/pc/2022/skm_s_alphad_800.png?sw=200,https://www.dospara.co.jp/TC30/MC12259.html,
000-04-076,GALLERIA XA9R-R47T 7900搭載,GALLERIA,369980,,ryzen-9-7900,RTX4070Ti,16,https://www.dospara.co.jp/dw/image/v2/BGKW_PRD/on/demandware.static/-/Sites-dospara-catalog-ms/default/dwb53969da/img/large/pc/2022/skm_s_800.png?sw=400,https://www.dospara.co.jp/TC30/MC12090.html,
000-04-077,GALLERIA ZA7R-R36T 7700X搭載,GALLERIA,289980,,ryzen-7-7700X,RTX3060Ti,16,https://www.dospara.co.jp/dw/image/v2/BGKW_PRD/on/demandware.static/-/Sites-dospara-catalog-ms/default/dwb53969da/img/large/pc/2022/skm_s_800.png?sw=400,https://www.dospara.co.jp/TC30/MC11655.html,
000-04-078,GALLERIA RM5R-G60S DETONATOR コラボモデル,GALLERIA,119980,,ryzen-5-4500,GTX1660SUPER,16,https://www.dospara.co.jp/dw/image/v2/BGKW_PRD/on/demandware.static/-/Sites-dospara-catalog-ms/default/dw44e20460/img/large/pc/2022/skm_dtn_new_410.png?sw=200,https://www.dospara.co.jp/TC30/MC11753.html,
000-04-079,GALLERIA UA9R-R48 7950X搭載,GALLERIA,579980,,ryzen-9-7950X,RTX4080,32,https://www.dospara.co.jp/dw/image/v2/BGKW_PRD/on/demandware.static/-/Sites-dospara-catalog-ms/default/dw5723fef6/img/large/pc/2022/sk_p_800.png?sw=200,https://www.dospara.co.jp/TC30/MC11853.html,
000-04-080,GALLERIA XA7C-R36 ニグ コラボモデル,GALLERIA,209980,,core-i7-13700F,RTX3060,16,https://www.dospara.co.jp/dw/image/v2/BGKW_PRD/on/demandware.static/-/Sites-dospara-catalog-ms/default/dwb53969da/img/large/pc/2022/skm_s_800.png?sw=400,https://www.dospara.co.jp/TC30/MC12252.html,
000-04-081,GALLERIA XA7R-675XT,GALLERIA,229980,,ryzen-7-5700X,RX6750XT,16,https://www.dospara.co.jp/dw/image/v2/BGKW_PRD/on/demandware.static/-/Sites-dospara-catalog-ms/default/dwb53969da/img/large/pc/2022/skm_s_800.png?sw=400,https://www.dospara.co.jp/TC30/MC11823.html,
000-04-082,GALLERIA XA7R-R37 7700搭載,GALLERIA,264980,,ryzen-7-7700,RTX3070,16,https://www.dospara.co.jp/dw/image/v2/BGKW_PRD/on/demandware.static/-/Sites-dospara-catalog-ms/default/dwb53969da/img/large/pc/2022/skm_s_800.png?sw=400,https://www.dospara.co.jp/TC30/MC12098.html,
000-04-083,GALLERIA ZA7R-R37 7700X搭載,GALLERIA,309980,,ryzen-7-7700X,RTX3070,16,https://www.dospara.co.jp/dw/image/v2/BGKW_PRD/on/demandware.static/-/Sites-dospara-catalog-ms/default/dwb53969da/img/large/pc/2022/skm_s_800.png?sw=400,https://www.dospara.co.jp/TC30/MC11654.html,
000-04-084,GALLERIA XA9R-R37 7900搭載,GALLERIA,284980,,ryzen-9-7900,RTX3070,16,https://www.dospara.co.jp/dw/image/v2/BGKW_PRD/on/demandware.static/-/Sites-dospara-catalog-ms/default/dwb53969da/img/large/pc/2022/skm_s_800.png?sw=400,https://www.dospara.co.jp/TC30/MC12092.html,
000-04-085,GALLERIA XA7R-R47T 7700搭載,GALLERIA,349980,,ryzen-7-7700,RTX4070Ti,16,https://www.dospara.co.jp/dw/image/v2/BGKW_PRD/on/demandware.static/-/Sites-dospara-catalog-ms/default/dwb53969da/img/large/pc/2022/skm_s_800.png?sw=400,https://www.dospara.co.jp/TC30/MC12096.html,
000-04-086,GALLERIA XA7C-R48 DETONATOR コラボモデル,GALLERIA,369980,,core-i7-13700F,RTX4080,16,https://www.dospara.co.jp/dw/image/v2/BGKW_PRD/on/demandware.static/-/Sites-dospara-catalog-ms/default/dw44e20460/img/large/pc/2022/skm_dtn_new_410.png?sw=200,https://www.dospara.co.jp/TC30/MC12243.html,
000-04-087,GALLERIA ZA9C-R49 SCARZ コラボモデル,GALLERIA,579980,,core-i9-13900KF,RTX40902,16,https://www.dospara.co.jp/dw/image/v2/BGKW_PRD/on/demandware.static/-/Sites-dospara-catalog-ms/default/dwbe841792/img/large/pc/2022/scarz_skm_410.png?sw=200,https://www.dospara.co.jp/TC30/MC12003.html,
000-04-088,GALLERIA ZA9R-R49 7900X搭載,GALLERIA,579980,,ryzen-9-7900X,RTX40902,16,https://www.dospara.co.jp/dw/image/v2/BGKW_PRD/on/demandware.static/-/Sites-dospara-catalog-ms/default/dwb53969da/img/large/pc/2022/skm_s_800.png?sw=400,https://www.dospara.co.jp/TC30/MC11946.html,
000-04-089,GALLERIA ZA9C-R48 ニグ コラボモデル,GALLERIA,469980,,core-i9-13900KF,RTX4080,16,https://www.dospara.co.jp/dw/image/v2/BGKW_PRD/on/demandware.static/-/Sites-dospara-catalog-ms/default/dwb53969da/img/large/pc/2022/skm_s_800.png?sw=400,https://www.dospara.co.jp/TC30/MC12251.html,
000-04-090,GALLERIA ZA9C-R37T 第13世代Core搭載,GALLERIA,349980,,core-i9-13900KF,RTX3070Ti,16,https://www.dospara.co.jp/dw/image/v2/BGKW_PRD/on/demandware.static/-/Sites-dospara-catalog-ms/default/dwb53969da/img/large/pc/2022/skm_s_800.png?sw=400,https://www.dospara.co.jp/TC30/MC12013.html,
000-04-091,GALLERIA RM5R-65XT,GALLERIA,124980,,ryzen-5-4500,RX6500XT,16,https://www.dospara.co.jp/dw/image/v2/BGKW_PRD/on/demandware.static/-/Sites-dospara-catalog-ms/default/dwb53969da/img/large/pc/2022/skm_s_800.png?sw=400,https://www.dospara.co.jp/TC30/MC11377.html,
000-04-092,GALLERIA RM5C-G60S ゆふな コラボモデル,GALLERIA,144980,,core-i5-13400F,GTX1660SUPER,16,https://www.dospara.co.jp/dw/image/v2/BGKW_PRD/on/demandware.static/-/Sites-dospara-catalog-ms/default/dw3c6dc5f7/img/large/pc/2022/sk_yufuna_800.png?sw=200,https://www.dospara.co.jp/TC30/MC12250.html,
000-04-093,GALLERIA XA7C-R36T まさのりch コラボモデル,GALLERIA,209980,,core-i7-13700F,RTX3060Ti,16,https://www.dospara.co.jp/dw/image/v2/BGKW_PRD/on/demandware.static/-/Sites-dospara-catalog-ms/default/dwe39137bf/img/large/pc/2022/sk_masanorich_800.png?sw=200,https://www.dospara.co.jp/TC30/MC12246.html,
000-04-094,GALLERIA XA7C-R37 まさのりch コラボモデル,GALLERIA,229980,,core-i7-13700F,RTX3070,16,https://www.dospara.co.jp/dw/image/v2/BGKW_PRD/on/demandware.static/-/Sites-dospara-catalog-ms/default/dwe39137bf/img/large/pc/2022/sk_masanorich_800.png?sw=200,https://www.dospara.co.jp/TC30/MC12245.html,
000-04-095,GALLERIA XA7C-R36T ゆふな コラボモデル,GALLERIA,209980,,core-i7-13700F,RTX3060Ti,16,https://www.dospara.co.jp/dw/image/v2/BGKW_PRD/on/demandware.static/-/Sites-dospara-catalog-ms/default/dw3c6dc5f7/img/large/pc/2022/sk_yufuna_800.png?sw=200,https://www.dospara.co.jp/TC30/MC12249.html,
000-04-096,GALLERIA ZA9R-R37 7900X搭載,GALLERIA,349980,,ryzen-9-7900X,RTX3070,16,https://www.dospara.co.jp/dw/image/v2/BGKW_PRD/on/demandware.static/-/Sites-dospara-catalog-ms/default/dwb53969da/img/large/pc/2022/skm_s_800.png?sw=400,https://www.dospara.co.jp/TC30/MC11651.html,
000-04-097,GALLERIA ZA9C-R37 DDR5メモリ搭載,GALLERIA,324980,,core-i9-12900K,RTX3070,16,https://www.dospara.co.jp/dw/image/v2/BGKW_PRD/on/demandware.static/-/Sites-dospara-catalog-ms/default/dwb53969da/img/large/pc/2022/skm_s_800.png?sw=400,https://www.dospara.co.jp/TC30/MC11599.html,
000-04-098,GALLERIA UA9R-79XTX 7950X搭載,GALLERIA,569980,,ryzen-9-7950X,RX7900XTX2,32,https://www.dospara.co.jp/dw/image/v2/BGKW_PRD/on/demandware.static/-/Sites-dospara-catalog-ms/default/dw5723fef6/img/large/pc/2022/sk_p_800.png?sw=200,https://www.dospara.co.jp/TC30/MC12084.html,
000-04-099,GALLERIA ZA9R-79XTX 7900X搭載,GALLERIA,514980,,ryzen-9-7900X,RX7900XTX2,16,https://www.dospara.co.jp/dw/image/v2/BGKW_PRD/on/demandware.static/-/Sites-dospara-catalog-ms/default/dwb53969da/img/large/pc/2022/skm_s_800.png?sw=400,https://www.dospara.co.jp/TC30/MC12085.html,
000-04-100,GALLERIA ZA9C-R49 Zelarl ゼラールコラボモデル,GALLERIA,579980,,core-i9-13900KF,RTX40902,16,https://www.dospara.co.jp/dw/image/v2/BGKW_PRD/on/demandware.static/-/Sites-dospara-catalog-ms/default/dwbd81ec1b/img/large/pc/2022/sk_s_zelarl_800.png?sw=200,https://www.dospara.co.jp/TC30/MC12029.html,
000-04-101,GALLERIA XA7R-R36T 7700搭載,GALLERIA,244979,,ryzen-7-7700,RTX3060Ti,16,https://www.dospara.co.jp/dw/image/v2/BGKW_PRD/on/demandware.static/-/Sites-dospara-catalog-ms/default/dwb53969da/img/large/pc/2022/skm_s_800.png?sw=400,https://www.dospara.co.jp/TC30/MC12099.html,
000-04-102,GALLERIA ZA7R-R36 7700X搭載,GALLERIA,279980,,ryzen-7-7700X,RTX3060,16,https://www.dospara.co.jp/dw/image/v2/BGKW_PRD/on/demandware.static/-/Sites-dospara-catalog-ms/default/dwb53969da/img/large/pc/2022/skm_s_800.png?sw=400,https://www.dospara.co.jp/TC30/MC11656.html,
000-04-103,GALLERIA ZA5R-R36 7600X搭載,GALLERIA,259980,,ryzen-5-7600X,RTX3060,16,https://www.dospara.co.jp/dw/image/v2/BGKW_PRD/on/demandware.static/-/Sites-dospara-catalog-ms/default/dwb53969da/img/large/pc/2022/skm_s_800.png?sw=400,https://www.dospara.co.jp/TC30/MC11659.html,
000-04-104,GALLERIA ZA9C-R49 αDコラボモデル,GALLERIA,579980,,core-i9-13900KF,RTX40902,16,https://www.dospara.co.jp/dw/image/v2/BGKW_PRD/on/demandware.static/-/Sites-dospara-catalog-ms/default/dw9bdde921/img/large/pc/2022/skm_s_alphad_800.png?sw=200,https://www.dospara.co.jp/TC30/MC12024.html,
000-04-105,GALLERIA XA5R-R36 7600搭載,GALLERIA,209980,,ryzen-5-7600,RTX3060,16,https://www.dospara.co.jp/dw/image/v2/BGKW_PRD/on/demandware.static/-/Sites-dospara-catalog-ms/default/dwb53969da/img/large/pc/2022/skm_s_800.png?sw=400,https://www.dospara.co.jp/TC30/MC12103.html,
000-04-106,GALLERIA RM5C-G60S 杏仁ミル コラボモデル,GALLERIA,144980,,core-i5-13400F,GTX1660SUPER,16,https://www.dospara.co.jp/dw/image/v2/BGKW_PRD/on/demandware.static/-/Sites-dospara-catalog-ms/default/dwa8c0a0d9/img/large/pc/2022/sk_s_a_410.png?sw=200,https://www.dospara.co.jp/TC30/MC12262.html,
000-04-107,GALLERIA XA7R-R36 7700搭載,GALLERIA,229980,,ryzen-7-7700,RTX3060,16,https://www.dospara.co.jp/dw/image/v2/BGKW_PRD/on/demandware.static/-/Sites-dospara-catalog-ms/default/dwb53969da/img/large/pc/2022/skm_s_800.png?sw=400,https://www.dospara.co.jp/TC30/MC12100.html,
000-04-108,GALLERIA XA9R-R48 7900搭載,GALLERIA,429980,,ryzen-9-7900,RTX4080,16,https://www.dospara.co.jp/dw/image/v2/BGKW_PRD/on/demandware.static/-/Sites-dospara-catalog-ms/default/dwb53969da/img/large/pc/2022/skm_s_800.png?sw=400,https://www.dospara.co.jp/TC30/MC12089.html,
000-04-109,GALLERIA XA7C-R36T DETONATOR コラボモデル,GALLERIA,209980,,core-i7-13700F,RTX3060Ti,16,https://www.dospara.co.jp/dw/image/v2/BGKW_PRD/on/demandware.static/-/Sites-dospara-catalog-ms/default/dw44e20460/img/large/pc/2022/skm_dtn_new_410.png?sw=200,https://www.dospara.co.jp/TC30/MC12244.html,
000-04-110,GALLERIA XA9R-79XT 7900搭載,GALLERIA,384980,,ryzen-9-7900,7900XT,16,https://www.dospara.co.jp/dw/image/v2/BGKW_PRD/on/demandware.static/-/Sites-dospara-catalog-ms/default/dwb53969da/img/large/pc/2022/skm_s_800.png?sw=400,https://www.dospara.co.jp/TC30/MC12094.html,
000-04-111,GALLERIA RM5C-G60S ニグ コラボモデル,GALLERIA,144980,,core-i5-13400F,GTX1660SUPER,16,https://www.dospara.co.jp/dw/image/v2/BGKW_PRD/on/demandware.static/-/Sites-dospara-catalog-ms/default/dwb53969da/img/large/pc/2022/skm_s_800.png?sw=400,https://www.dospara.co.jp/TC30/MC12253.html,
000-04-112,GALLERIA XA7C-R36T SCARZ コラボモデル,GALLERIA,209980,,core-i7-13700F,RTX3060Ti,16,https://www.dospara.co.jp/dw/image/v2/BGKW_PRD/on/demandware.static/-/Sites-dospara-catalog-ms/default/dwbe841792/img/large/pc/2022/scarz_skm_410.png?sw=200,https://www.dospara.co.jp/TC30/MC12242.html,
000-04-113,GALLERIA XA5R-R37 7600搭載,GALLERIA,239980,,ryzen-5-7600,RTX3070,16,https://www.dospara.co.jp/dw/image/v2/BGKW_PRD/on/demandware.static/-/Sites-dospara-catalog-ms/default/dwb53969da/img/large/pc/2022/skm_s_800.png?sw=400,https://www.dospara.co.jp/TC30/MC12101.html,
000-04-114,GALLERIA UA9C-79XTX,GALLERIA,514980,,core-i9-13900KF,RX7900XTX2,32,https://www.dospara.co.jp/dw/image/v2/BGKW_PRD/on/demandware.static/-/Sites-dospara-catalog-ms/default/dw5723fef6/img/large/pc/2022/sk_p_800.png?sw=200,https://www.dospara.co.jp/TC30/MC12083.html,
000-04-115,GALLERIA XA7C-R36T Zelarl ゼラール コラボモデル,GALLERIA,209980,,core-i7-13700F,RTX3060Ti,16,https://www.dospara.co.jp/dw/image/v2/BGKW_PRD/on/demandware.static/-/Sites-dospara-catalog-ms/default/dwbd81ec1b/img/large/pc/2022/sk_s_zelarl_800.png?sw=200,https://www.dospara.co.jp/TC30/MC12264.html,
000-04-116,GALLERIA XA5R-R36T 7600搭載,GALLERIA,224980,,ryzen-5-7600,RTX3060Ti,16,https://www.dospara.co.jp/dw/image/v2/BGKW_PRD/on/demandware.static/-/Sites-dospara-catalog-ms/default/dwb53969da/img/large/pc/2022/skm_s_800.png?sw=400,https://www.dospara.co.jp/TC30/MC12102.html,
000-04-117,GALLERIA ZA5R-R36T 7600X搭載,GALLERIA,269980,,ryzen-5-7600X,RTX3060Ti,16,https://www.dospara.co.jp/dw/image/v2/BGKW_PRD/on/demandware.static/-/Sites-dospara-catalog-ms/default/dwb53969da/img/large/pc/2022/skm_s_800.png?sw=400,https://www.dospara.co.jp/TC30/MC11658.html,
000-04-118,GALLERIA UA9C-79XT,GALLERIA,494980,,core-i9-13900KF,RX7900XT,32,https://www.dospara.co.jp/dw/image/v2/BGKW_PRD/on/demandware.static/-/Sites-dospara-catalog-ms/default/dw5723fef6/img/large/pc/2022/sk_p_800.png?sw=200,https://www.dospara.co.jp/TC30/MC12086.html,
000-04-119,GALLERIA ZA9R-R38 7900X搭載,GALLERIA,379980,,ryzen-9-7900X,RTX3080,16,https://www.dospara.co.jp/dw/image/v2/BGKW_PRD/on/demandware.static/-/Sites-dospara-catalog-ms/default/dwb53969da/img/large/pc/2022/skm_s_800.png?sw=400,https://www.dospara.co.jp/TC30/MC11650.html,
000-04-120,GALLERIA ZA5R-R37 7600X搭載,GALLERIA,289980,,ryzen-5-7600X,RTX3070,16,https://www.dospara.co.jp/dw/image/v2/BGKW_PRD/on/demandware.static/-/Sites-dospara-catalog-ms/default/dwb53969da/img/large/pc/2022/skm_s_800.png?sw=400,https://www.dospara.co.jp/TC30/MC11657.html,
000-04-121,GALLERIA RM5C-G60S まさのりch コラボモデル,GALLERIA,144980,,core-i5-13400F,GTX1660SUPER,16,https://www.dospara.co.jp/dw/image/v2/BGKW_PRD/on/demandware.static/-/Sites-dospara-catalog-ms/default/dwe39137bf/img/large/pc/2022/sk_masanorich_800.png?sw=200,https://www.dospara.co.jp/TC30/MC12247.htmll,
000-04-122,GALLERIA XA7C-A770 第13世代Core搭載,GALLERIA,219980,,core-i7-13700F,ArcA770,16,https://www.dospara.co.jp/dw/image/v2/BGKW_PRD/on/demandware.static/-/Sites-dospara-catalog-ms/default/dwb53969da/img/large/pc/2022/skm_s_800.png?sw=400,https://www.dospara.co.jp/TC30/MC12304.html,
000-04-123,GALLERIA UA9R-R37 7950X搭載,GALLERIA,429980,,ryzen-9-7950X,RTX3070,16,https://www.dospara.co.jp/dw/image/v2/BGKW_PRD/on/demandware.static/-/Sites-dospara-catalog-ms/default/dw5723fef6/img/large/pc/2022/sk_p_800.png?sw=200,https://www.dospara.co.jp/TC30/MC11639.html,
000-04-124,GALLERIA XA7C-R36T VART コラボモデル,GALLERIA,209980,,core-i7-13700F,RTX3060Ti,16,https://www.dospara.co.jp/dw/image/v2/BGKW_PRD/on/demandware.static/-/Sites-dospara-catalog-ms/default/dwb53969da/img/large/pc/2022/skm_s_800.png?sw=400,https://www.dospara.co.jp/TC30/MC12266.html,
000-04-125,GALLERIA UA9R-79XT 7950X搭載,GALLERIA,549980,,ryzen-9-7950X,RX7900XT,32,https://www.dospara.co.jp/dw/image/v2/BGKW_PRD/on/demandware.static/-/Sites-dospara-catalog-ms/default/dw5723fef6/img/large/pc/2022/sk_p_800.png?sw=200,https://www.dospara.co.jp/TC30/MC12088.html,
000-04-126,GALLERIA XA7R-R48 7700搭載,GALLERIA,405980,,ryzen-7-7700,RTX4080,16,https://www.dospara.co.jp/dw/image/v2/BGKW_PRD/on/demandware.static/-/Sites-dospara-catalog-ms/default/dwb53969da/img/large/pc/2022/skm_s_800.png?sw=400,https://www.dospara.co.jp/TC30/MC12095.html,
000-04-127,GALLERIA XA7C-A750 第13世代Core搭載,GALLERIA,209980,,core-i7-13700F,ArcA750,16,https://www.dospara.co.jp/dw/image/v2/BGKW_PRD/on/demandware.static/-/Sites-dospara-catalog-ms/default/dwb53969da/img/large/pc/2022/skm_s_800.png?sw=400,https://www.dospara.co.jp/TC30/MC12305.html,
000-04-128,GALLERIA UA9R-R38 7950X搭載,GALLERIA,499980,,ryzen-9-7950X,RTX3080,32,https://www.dospara.co.jp/dw/image/v2/BGKW_PRD/on/demandware.static/-/Sites-dospara-catalog-ms/default/dw5723fef6/img/large/pc/2022/sk_p_800.png?sw=200,https://www.dospara.co.jp/TC30/MC11638.html,
000-04-129,GALLERIA RM5C-G60S VART コラボモデル,GALLERIA,144980,,core-i5-13400F,GTX1660SUPER,16,https://www.dospara.co.jp/dw/image/v2/BGKW_PRD/on/demandware.static/-/Sites-dospara-catalog-ms/default/dwb53969da/img/large/pc/2022/skm_s_800.png?sw=400,https://www.dospara.co.jp/TC30/MC12267.html,
000-04-130,GALLERIA RM5C-A750 第13世代Core搭載,GALLERIA,174980,,core-i5-13400F,ArcA750,16,https://www.dospara.co.jp/dw/image/v2/BGKW_PRD/on/demandware.static/-/Sites-dospara-catalog-ms/default/dwb53969da/img/large/pc/2022/skm_s_800.png?sw=400,https://www.dospara.co.jp/TC30/MC12306.html,
000-04-131,GALLERIA UA9C-R37T 第13世代Core搭載,GALLERIA,419980,,core-i9-13900KF,RTX3070Ti,16,https://www.dospara.co.jp/dw/image/v2/BGKW_PRD/on/demandware.static/-/Sites-dospara-catalog-ms/default/dw5723fef6/img/large/pc/2022/sk_p_800.png?sw=200,https://www.dospara.co.jp/TC30/MC12018.html,
000-04-132,GALLERIA ZA9R-79XT 7900X搭載,GALLERIA,494980,,ryzen-9-7900X,RX7900XT,16,https://www.dospara.co.jp/dw/image/v2/BGKW_PRD/on/demandware.static/-/Sites-dospara-catalog-ms/default/dwb53969da/img/large/pc/2022/skm_s_800.png?sw=400,https://www.dospara.co.jp/TC30/MC12087.html,
000-04-133,GALLERIA XA7C-R37 2022 VALORANT CHAMPIONS TOUR - Challengers Japan大会協賛モデル,GALLERIA,234980,,core-i7-13700F,RTX3070,16,https://www.dospara.co.jp/dw/image/v2/BGKW_PRD/on/demandware.static/-/Sites-dospara-catalog-ms/default/dwb53969da/img/large/pc/2022/skm_s_800.png?sw=400,https://www.dospara.co.jp/TC30/MC12365.html,
000-04-134,GALLERIA XA7C-R36T 2022 VALORANT CHAMPIONS TOUR - Challengers Japan大会協賛モデル,GALLERIA,214980,,core-i7-13700F,RTX3060Ti,16,https://www.dospara.co.jp/dw/image/v2/BGKW_PRD/on/demandware.static/-/Sites-dospara-catalog-ms/default/dwb53969da/img/large/pc/2022/skm_s_800.png?sw=400,https://www.dospara.co.jp/TC30/MC12366.html,
000-04-135,GALLERIA RM5C-G60S 2022 VALORANT CHAMPIONS TOUR - Challengers Japan大会協賛モデル,GALLERIA,149980,,core-i5-13400F,GTX1660SUPER,16,https://www.dospara.co.jp/dw/image/v2/BGKW_PRD/on/demandware.static/-/Sites-dospara-catalog-ms/default/dwb53969da/img/large/pc/2022/skm_s_800.png?sw=400,https://www.dospara.co.jp/TC30/MC12367.html,
000-04-136,GALLERIA XA7C-R38 Z690 Steel Legend 半期決算特別モデル,GALLERIA,259980,,core-i7-12700F,RTX3080,16,https://www.dospara.co.jp/dw/image/v2/BGKW_PRD/on/demandware.static/-/Sites-dospara-catalog-ms/default/dwb53969da/img/large/pc/2022/skm_s_800.png?sw=400,https://www.dospara.co.jp/TC30/MC12199.html,
000-04-137,GALLERIA RM5R-65XT 半期決算特別モデル,GALLERIA,99980,,ryzen-5-4500,RX6500XT,16,https://www.dospara.co.jp/dw/image/v2/BGKW_PRD/on/demandware.static/-/Sites-dospara-catalog-ms/default/dwb53969da/img/large/pc/2022/skm_s_800.png?sw=400,https://www.dospara.co.jp/TC30/MC12217.html,
000-04-138,GALLERIA ZA9C-R49 SHAKA コラボモデル,GALLERIA,579980,,core-i9-13900F,RTX4090,16,https://www.dospara.co.jp/dw/image/v2/BGKW_PRD/on/demandware.static/-/Sites-dospara-catalog-ms/default/dw49be6026/img/large/pc/2022/shaka_collab_800.png?sw=200,https://www.dospara.co.jp/TC30/MC12255.html,
000-04-139,GALLERIA XA7C-R38 Z690 DDR5 搭載 Minecraft: Java＆Bedrock Edition for PC同梱版,GALLERIA,284980,,core-i7-12700F,RTX3080,16,https://www.dospara.co.jp/dw/image/v2/BGKW_PRD/on/demandware.static/-/Sites-dospara-catalog-ms/default/dwb53969da/img/large/pc/2022/skm_s_800.png?sw=400,https://www.dospara.co.jp/TC30/MC12154.html,
000-04-140,GALLERIA ZA9C-R38 DDR5メモリ搭載,GALLERIA,364980,,core-i9-12900K,RTX3080,16,https://www.dospara.co.jp/dw/image/v2/BGKW_PRD/on/demandware.static/-/Sites-dospara-catalog-ms/default/dwb53969da/img/large/pc/2022/skm_s_800.png?sw=400,https://www.dospara.co.jp/TC30/MC11598.html,
000-04-141,GALLERIA XA7C-R37 STAGE:0 大会協賛モデル,GALLERIA,229980,,core-i7-12700,RTX3070,16,https://www.dospara.co.jp/dw/image/v2/BGKW_PRD/on/demandware.static/-/Sites-dospara-catalog-ms/default/dwb53969da/img/large/pc/2022/skm_s_800.png?sw=400,https://www.dospara.co.jp/TC30/MC11553.html,
000-04-142,GALLERIA XA7R-67XT 5700X搭載,GALLERIA,209980,,ryzen-7-5700X,RX6700XT,16,https://www.dospara.co.jp/dw/image/v2/BGKW_PRD/on/demandware.static/-/Sites-dospara-catalog-ms/default/dwb53969da/img/large/pc/2022/skm_s_800.png?sw=400,https://www.dospara.co.jp/TC30/MC11836.html,
000-04-143,GALLERIA ZA9R-R37 5900X搭載,GALLERIA,339980,,ryzen-9-5900X,RTX3070,16,https://www.dospara.co.jp/dw/image/v2/BGKW_PRD/on/demandware.static/-/Sites-dospara-catalog-ms/default/dwb53969da/img/large/pc/2022/skm_s_800.png?sw=400,https://www.dospara.co.jp/TC30/MC9785.html,
000-04-144,GALLERIA ZA9R-R38 5900X搭載 Xbox Game Pass Ultimate同梱版,GALLERIA,379980,,ryzen-9-5900X,RTX3080,16,https://www.dospara.co.jp/dw/image/v2/BGKW_PRD/on/demandware.static/-/Sites-dospara-catalog-ms/default/dwb53969da/img/large/pc/2022/skm_s_800.png?sw=400,https://www.dospara.co.jp/TC30/MC9670.html,
000-04-145,GALLERIA ZA9R-695XT 5900X搭載,GALLERIA,459980,,ryzen-9-5900X,RX6950XT,16,https://www.dospara.co.jp/dw/image/v2/BGKW_PRD/on/demandware.static/-/Sites-dospara-catalog-ms/default/dwb53969da/img/large/pc/2022/skm_s_800.png?sw=400,https://www.dospara.co.jp/TC30/MC11409.html,
000-04-146,GALLERIA UA7C-G60S R214 / 2021年4月モデル,GALLERIA,179800,,core-i7-11700,GTX1660SUPER,16,https://www.dospara.co.jp/dw/image/v2/BGKW_PRD/on/demandware.static/-/Sites-dospara-catalog-ms/default/dwb53969da/img/large/pc/2022/skm_s_800.png?sw=400,https://www.dospara.co.jp/TC30/MC10155.html,
000-04-147,GALLERIA RM5R-66,GALLERIA,154980,,ryzen-5-4500,RX6600,16,https://www.dospara.co.jp/dw/image/v2/BGKW_PRD/on/demandware.static/-/Sites-dospara-catalog-ms/default/dwb53969da/img/large/pc/2022/skm_s_800.png?sw=400,https://www.dospara.co.jp/TC30/MC11841.html,
000-04-148,GALLERIA RM5R-R36 Windows10搭載,GALLERIA,139980,,ryzen-5-4500,RTX3060,16,https://www.dospara.co.jp/dw/image/v2/BGKW_PRD/on/demandware.static/-/Sites-dospara-catalog-ms/default/dwb53969da/img/large/pc/2022/skm_s_800.png?sw=400,https://www.dospara.co.jp/TC30/MC11643.html,
000-04-149,GALLERIA XA7C-665XT,GALLERIA,199980,,core-i7-13700F,RX6650XT,16,https://www.dospara.co.jp/dw/image/v2/BGKW_PRD/on/demandware.static/-/Sites-dospara-catalog-ms/default/dwb53969da/img/large/pc/2022/skm_s_800.png?sw=400,https://www.dospara.co.jp/TC30/MC12307.html,
000-04-150,GALLERIA XA7C-R36 全国高校eサッカー選手権大会 協賛モデル,GALLERIA,204980,,core-i7-12700,RTX3060,16,https://www.dospara.co.jp/dw/image/v2/BGKW_PRD/on/demandware.static/-/Sites-dospara-catalog-ms/default/dwb53969da/img/large/pc/2022/skm_s_800.png?sw=400,https://www.dospara.co.jp/TC30/MC11387.html,
000-04-151,『クライシス コア -ファイナルファンタジーVII- リユニオン』推奨パソコン GALLERIA XA7C-R36T,GALLERIA,214980,,core-i7-12700,RTX3060Ti,16,https://www.dospara.co.jp/dw/image/v2/BGKW_PRD/on/demandware.static/-/Sites-dospara-catalog-ms/default/dwb53969da/img/large/pc/2022/skm_s_800.png?sw=400,https://www.dospara.co.jp/TC30/MC11947.html,
000-04-152,『クライシス コア -ファイナルファンタジーVII- リユニオン』推奨パソコン GALLERIA RM5C-G60S,GALLERIA,149980,,core-i5-12400,GTX1660SUPER,16,https://www.dospara.co.jp/dw/image/v2/BGKW_PRD/on/demandware.static/-/Sites-dospara-catalog-ms/default/dwb53969da/img/large/pc/2022/skm_s_800.png?sw=400,https://www.dospara.co.jp/TC30/MC11948.html,
000-04-153,GALLERIA UA9R-R38 5900X搭載,GALLERIA,419980,,ryzen-9-5900X,RTX3080,32,https://www.dospara.co.jp/dw/image/v2/BGKW_PRD/on/demandware.static/-/Sites-dospara-catalog-ms/default/dw5723fef6/img/large/pc/2022/sk_p_800.png?sw=200,https://www.dospara.co.jp/TC30/MC9782.html,
000-04-154,GALLERIA UA9R-R37 5900X搭載,GALLERIA,349980,,ryzen-9-5900X,RTX3070,16,https://www.dospara.co.jp/dw/image/v2/BGKW_PRD/on/demandware.static/-/Sites-dospara-catalog-ms/default/dw5723fef6/img/large/pc/2022/sk_p_800.png?sw=200,https://www.dospara.co.jp/TC30/MC9783.html,
000-04-155,GALLERIA ZA7R-R39 5800X搭載 Unreal Engine 4 動作確認済パソコン,GALLERIA,429980,,ryzen-7-5800X,RTX30902,16,https://www.dospara.co.jp/dw/image/v2/BGKW_PRD/on/demandware.static/-/Sites-dospara-catalog-ms/default/dwb53969da/img/large/pc/2022/skm_s_800.png?sw=400,https://www.dospara.co.jp/TC30/MC10078.html,
000-04-156,GALLERIA ZA7R-R39 5800X搭載 杏仁ミル コラボモデル,GALLERIA,469980,,ryzen-7-5800X,RTX30902,16,https://www.dospara.co.jp/dw/image/v2/BGKW_PRD/on/demandware.static/-/Sites-dospara-catalog-ms/default/dwa8c0a0d9/img/large/pc/2022/sk_s_a_410.png?sw=200,https://www.dospara.co.jp/TC30/MC10221.html,
000-04-157,GALLERIA XA7C-675XT,GALLERIA,259980,,core-i7-13700F,RX6750XT,16,https://www.dospara.co.jp/dw/image/v2/BGKW_PRD/on/demandware.static/-/Sites-dospara-catalog-ms/default/dwb53969da/img/large/pc/2022/skm_s_800.png?sw=400,https://www.dospara.co.jp/TC30/MC12308.html,
000-04-158,GALLERIA XA7C-R37 11700 ASUS Z590 搭載,GALLERIA,209980,,core-i7-11700,RTX3060,16,https://www.dospara.co.jp/dw/image/v2/BGKW_PRD/on/demandware.static/-/Sites-dospara-catalog-ms/default/dwb53969da/img/large/pc/2022/skm_s_800.png?sw=400,https://www.dospara.co.jp/TC30/MC11856.html,
000-04-159,GALLERIA ZA9C-695XT,GALLERIA,439980,,core-i9-13900KF,RX6950XT,16,https://www.dospara.co.jp/dw/image/v2/BGKW_PRD/on/demandware.static/-/Sites-dospara-catalog-ms/default/dwb53969da/img/large/pc/2022/skm_s_800.png?sw=400,https://www.dospara.co.jp/TC30/MC12309.html,
000-03-030,FRGAG-H670/WS202/NTK,FRONTIER,279800,SallNow Click!!,Corei7-13700F,RTX4070Ti,32,https://www.frontier-direct.jp/img/goods/S/GAG-Black-White.jpg,https://px.a8.net/svt/ejp?a8mat=3NJ5T8+B43BAQ+3KX4+BW8O2&a8ejpredirect=https%3A%2F%2Fwww.frontier-direct.jp%2Fdirect%2Fg%2Fg114725-Feb1%2F,https://px.a8.net/svt/ejp?a8mat=3NJ5T8+B43BAQ+3KX4+BW8O2&a8ejpredirect=https%3A%2F%2Fwww.frontier-direct.jp%2Fdirect%2Fe%2Fej-sale%2F
000-03-031,FRGH670/WS105,FRONTIER,289800,SallNow Click!!,Corei7-13700F,RTX4070Ti,32,https://www.frontier-direct.jp/img/goods/S/GH-Black-White.jpg,https://px.a8.net/svt/ejp?a8mat=3NJ5T8+B43BAQ+3KX4+BW8O2&a8ejpredirect=https%3A%2F%2Fwww.frontier-direct.jp%2Fdirect%2Fg%2Fg114492-Feb1%2F,https://px.a8.net/svt/ejp?a8mat=3NJ5T8+B43BAQ+3KX4+BW8O2&a8ejpredirect=https%3A%2F%2Fwww.frontier-direct.jp%2Fdirect%2Fe%2Fej-sale%2F
000-03-032,FRGH670/WS1A,FRONTIER,264800,SallNow Click!!,Corei7-13700F,RTX3080,32,https://www.frontier-direct.jp/img/goods/S/GH-Black-White.jpg,https://px.a8.net/svt/ejp?a8mat=3NJ5T8+B43BAQ+3KX4+BW8O2&a8ejpredirect=https%3A%2F%2Fwww.frontier-direct.jp%2Fdirect%2Fg%2Fg112505-Feb1%2F,https://px.a8.net/svt/ejp?a8mat=3NJ5T8+B43BAQ+3KX4+BW8O2&a8ejpredirect=https%3A%2F%2Fwww.frontier-direct.jp%2Fdirect%2Fe%2Fej-sale%2F
000-03-033,FRGXB660/WS901/NTK,FRONTIER,144800,SallNow Click!!,Corei5-12400F,RTX3060,16,https://www.frontier-direct.jp/img/goods/S/GX-EM065.jpg,https://px.a8.net/svt/ejp?a8mat=3NJ5T8+B43BAQ+3KX4+BW8O2&a8ejpredirect=https%3A%2F%2Fwww.frontier-direct.jp%2Fdirect%2Fg%2Fg113583-Feb1%2F,https://px.a8.net/svt/ejp?a8mat=3NJ5T8+B43BAQ+3KX4+BW8O2&a8ejpredirect=https%3A%2F%2Fwww.frontier-direct.jp%2Fdirect%2Fe%2Fej-sale%2F
000-03-034,FRGXB660/WS202/NTK,FRONTIER,154800,SallNow Click!!,Corei5-12400F,RTX3060Ti,16,https://www.frontier-direct.jp/img/goods/S/GX-EM065.jpg,https://px.a8.net/svt/ejp?a8mat=3NJ5T8+B43BAQ+3KX4+BW8O2&a8ejpredirect=https%3A%2F%2Fwww.frontier-direct.jp%2Fdirect%2Fg%2Fg114726-Feb1%2F,https://px.a8.net/svt/ejp?a8mat=3NJ5T8+B43BAQ+3KX4+BW8O2&a8ejpredirect=https%3A%2F%2Fwww.frontier-direct.jp%2Fdirect%2Fe%2Fej-sale%2F
000-03-035,FRGXB660/WS15/NTK,FRONTIER,159800,SallNow Click!!,Corei5-13400F,RTX3060Ti,16,https://www.frontier-direct.jp/img/goods/S/GX-EM065.jpg,https://px.a8.net/svt/ejp?a8mat=3NJ5T8+B43BAQ+3KX4+BW8O2&a8ejpredirect=https%3A%2F%2Fwww.frontier-direct.jp%2Fdirect%2Fg%2Fg112906-Feb1%2F,https://px.a8.net/svt/ejp?a8mat=3NJ5T8+B43BAQ+3KX4+BW8O2&a8ejpredirect=https%3A%2F%2Fwww.frontier-direct.jp%2Fdirect%2Fe%2Fej-sale%2F
000-03-036,FRGAG-H670/WS204/NTK,FRONTIER,259800,SallNow Click!!,core-i7-12700F,RTX4070Ti,32,https://www.frontier-direct.jp/img/goods/S/GAG-Black-White.jpg,https://px.a8.net/svt/ejp?a8mat=3NJ5T8+B43BAQ+3KX4+BW8O2&a8ejpredirect=https%3A%2F%2Fwww.frontier-direct.jp%2Fdirect%2Fg%2Fg114730-Feb1%2F,https://px.a8.net/svt/ejp?a8mat=3NJ5T8+B43BAQ+3KX4+BW8O2&a8ejpredirect=https%3A%2F%2Fwww.frontier-direct.jp%2Fdirect%2Fe%2Fej-sale%2F
000-03-037,FRMFZ790/4070T,FRONTIER,309800,SallNow Click!!,Corei7-13700F,RTX4070Ti,32,https://www.frontier-direct.jp/img/goods/S/MF-100P2-2.jpg,https://px.a8.net/svt/ejp?a8mat=3NJ5T8+B43BAQ+3KX4+BW8O2&a8ejpredirect=https%3A%2F%2Fwww.frontier-direct.jp%2Fdirect%2Fg%2Fg114473%2F,https://px.a8.net/svt/ejp?a8mat=3NJ5T8+B43BAQ+3KX4+BW8O2&a8ejpredirect=https%3A%2F%2Fwww.frontier-direct.jp%2Fdirect%2Fe%2Fej-sale%2F
000-03-038,FRMFZ790/4080,FRONTIER,394800,SallNow Click!!,Corei7-13700F,RTX4080,32,https://www.frontier-direct.jp/img/goods/S/MF-100P2-2.jpg,https://px.a8.net/svt/ejp?a8mat=3NJ5T8+B43BAQ+3KX4+BW8O2&a8ejpredirect=https%3A%2F%2Fwww.frontier-direct.jp%2Fdirect%2Fg%2Fg114068%2F,https://px.a8.net/svt/ejp?a8mat=3NJ5T8+B43BAQ+3KX4+BW8O2&a8ejpredirect=https%3A%2F%2Fwww.frontier-direct.jp%2Fdirect%2Fe%2Fej-sale%2F
000-03-039,FRGBZ790/WS124,FRONTIER,484800,SallNow Click!!,Corei9-13900F,RTX4090,32,https://www.frontier-direct.jp/img/goods/S/GB-SETA.jpg,https://px.a8.net/svt/ejp?a8mat=3NJ5T8+B43BAQ+3KX4+BW8O2&a8ejpredirect=https%3A%2F%2Fwww.frontier-direct.jp%2Fdirect%2Fg%2Fg114641-Feb1%2F,https://px.a8.net/svt/ejp?a8mat=3NJ5T8+B43BAQ+3KX4+BW8O2&a8ejpredirect=https%3A%2F%2Fwww.frontier-direct.jp%2Fdirect%2Fe%2Fej-sale%2F
000-03-040,FRGH670/WS126/O,FRONTIER,219800,SallNow Click!!,core-i7-12700F,RTX3070Ti,16,https://www.frontier-direct.jp/img/goods/S/GH-Black.jpg,https://px.a8.net/svt/ejp?a8mat=3NJ5T8+B43BAQ+3KX4+BW8O2&a8ejpredirect=https%3A%2F%2Fwww.frontier-direct.jp%2Fdirect%2Fg%2Fg114653-Feb1%2F,https://px.a8.net/svt/ejp?a8mat=3NJ5T8+B43BAQ+3KX4+BW8O2&a8ejpredirect=https%3A%2F%2Fwww.frontier-direct.jp%2Fdirect%2Fe%2Fej-sale%2F
000-03-041,FRGAH670/WS202/NTK,FRONTIER,224800,SallNow Click!!,Corei7-13700F,RTX3070,32,https://www.frontier-direct.jp/img/goods/S/GA-EA065.jpg,https://px.a8.net/svt/ejp?a8mat=3NJ5T8+B43BAQ+3KX4+BW8O2&a8ejpredirect=https%3A%2F%2Fwww.frontier-direct.jp%2Fdirect%2Fg%2Fg114727-Feb1%2F,https://px.a8.net/svt/ejp?a8mat=3NJ5T8+B43BAQ+3KX4+BW8O2&a8ejpredirect=https%3A%2F%2Fwww.frontier-direct.jp%2Fdirect%2Fe%2Fej-sale%2F
000-03-042,FRGAG-H670/WS203/NTK,FRONTIER,189800,SallNow Click!!,Corei5-13400F,RTX3070,16,https://www.frontier-direct.jp/img/goods/S/GAG-Black-White.jpg,https://px.a8.net/svt/ejp?a8mat=3NJ5T8+B43BAQ+3KX4+BW8O2&a8ejpredirect=https%3A%2F%2Fwww.frontier-direct.jp%2Fdirect%2Fg%2Fg114728-Feb1%2F,https://px.a8.net/svt/ejp?a8mat=3NJ5T8+B43BAQ+3KX4+BW8O2&a8ejpredirect=https%3A%2F%2Fwww.frontier-direct.jp%2Fdirect%2Fe%2Fej-sale%2F
000-03-043,FRGAH670/WS126/NTK,FRONTIER,186800,SallNow Click!!,Corei5-12400F,RTX3070,16,https://www.frontier-direct.jp/img/goods/S/GA-EA065.jpg,https://px.a8.net/svt/ejp?a8mat=3NJ5T8+B43BAQ+3KX4+BW8O2&a8ejpredirect=https%3A%2F%2Fwww.frontier-direct.jp%2Fdirect%2Fg%2Fg114654-Feb1%2F,https://px.a8.net/svt/ejp?a8mat=3NJ5T8+B43BAQ+3KX4+BW8O2&a8ejpredirect=https%3A%2F%2Fwww.frontier-direct.jp%2Fdirect%2Fe%2Fej-sale%2F
000-03-044,FRGAH670/WS1102/NTK,FRONTIER,209800,SallNow Click!!,Corei5-13400F,RTX3070,32,https://www.frontier-direct.jp/img/goods/S/GA-EA065.jpg,https://px.a8.net/svt/ejp?a8mat=3NJ5T8+B43BAQ+3KX4+BW8O2&a8ejpredirect=https%3A%2F%2Fwww.frontier-direct.jp%2Fdirect%2Fg%2Fg113999-Feb1%2F,https://px.a8.net/svt/ejp?a8mat=3NJ5T8+B43BAQ+3KX4+BW8O2&a8ejpredirect=https%3A%2F%2Fwww.frontier-direct.jp%2Fdirect%2Fe%2Fej-sale%2F
000-03-045,FRGXB550/WS1027/NTK,FRONTIER,136800,SallNow Click!!,Ryzen-5-5600X,RTX3060,16,https://www.frontier-direct.jp/img/goods/S/GX-EM065.jpg,https://px.a8.net/svt/ejp?a8mat=3NJ5T8+B43BAQ+3KX4+BW8O2&a8ejpredirect=https%3A%2F%2Fwww.frontier-direct.jp%2Fdirect%2Fg%2Fg113969-Feb1%2F,https://px.a8.net/svt/ejp?a8mat=3NJ5T8+B43BAQ+3KX4+BW8O2&a8ejpredirect=https%3A%2F%2Fwww.frontier-direct.jp%2Fdirect%2Fe%2Fej-sale%2F
000-03-046,FRGAH670/WS927/NTK,FRONTIER,185800,SallNow Click!!,core-i7-12700F,RTX3060Ti,16,https://www.frontier-direct.jp/img/goods/S/GA-EA065.jpg,https://px.a8.net/svt/ejp?a8mat=3NJ5T8+B43BAQ+3KX4+BW8O2&a8ejpredirect=https%3A%2F%2Fwww.frontier-direct.jp%2Fdirect%2Fg%2Fg113745-Feb1%2F,https://px.a8.net/svt/ejp?a8mat=3NJ5T8+B43BAQ+3KX4+BW8O2&a8ejpredirect=https%3A%2F%2Fwww.frontier-direct.jp%2Fdirect%2Fe%2Fej-sale%2F
000-03-047,FRGXB660/WS126/NTK,FRONTIER,139800,SallNow Click!!,Corei5-12400F,RTX3050,16,https://www.frontier-direct.jp/img/goods/S/GX-EM065.jpg,https://px.a8.net/svt/ejp?a8mat=3NJ5T8+B43BAQ+3KX4+BW8O2&a8ejpredirect=https%3A%2F%2Fwww.frontier-direct.jp%2Fdirect%2Fg%2Fg114656-Feb1%2F,https://px.a8.net/svt/ejp?a8mat=3NJ5T8+B43BAQ+3KX4+BW8O2&a8ejpredirect=https%3A%2F%2Fwww.frontier-direct.jp%2Fdirect%2Fe%2Fej-sale%2F
000-03-048,MSIFRONTIERPoweredbyMSIXEVANGELIONe:PROJECT,FRONTIER,199980,SallNow Click!!,Corei5-12400F,RTX3060,32,https://www.frontier-direct.jp/img/goods/S/112881.jpg,https://px.a8.net/svt/ejp?a8mat=3NJ5T8+B43BAQ+3KX4+BW8O2&a8ejpredirect=https%3A%2F%2Fwww.frontier-direct.jp%2Fdirect%2Fg%2Fg112881%2F,https://px.a8.net/svt/ejp?a8mat=3NJ5T8+B43BAQ+3KX4+BW8O2&a8ejpredirect=https%3A%2F%2Fwww.frontier-direct.jp%2Fdirect%2Fe%2Fej-sale%2F
000-03-049,FRGXB660/Q4/NTK,FRONTIER,156800,SallNow Click!!,Corei5-12400F,RTX3060,16,https://www.frontier-direct.jp/img/goods/S/GX-EM065.jpg,https://px.a8.net/svt/ejp?a8mat=3NJ5T8+B43BAQ+3KX4+BW8O2&a8ejpredirect=https%3A%2F%2Fwww.frontier-direct.jp%2Fdirect%2Fg%2Fg114066%2F,https://px.a8.net/svt/ejp?a8mat=3NJ5T8+B43BAQ+3KX4+BW8O2&a8ejpredirect=https%3A%2F%2Fwww.frontier-direct.jp%2Fdirect%2Fe%2Fej-sale%2F